Workbook

Sheet Danh muc van ban
A1: STT | B1: Nhóm | C1: Số hiệu | D1: Loại VB | E1: Tên / trích yếu | F1: Tên file | G1: Thư mục | H1: Định dạng gốc | I1: Số trang | J1: Ký tự TB/trang | K1: Tình trạng file | L1: Link nguồn | M1: Ghi chú | N1: Nguồn tạo PDF (theo metadata) | O1: PDF Creator | P1: PDF Producer | Q1: Ngày tạo PDF | R1: Chữ ký số
A2: 1 | B2: I. Quản lý thuế | C2: 108/2025/QH15 | D2: Luật | E2: Luật Quản lý thuế | F2: L108_2025_QH15.pdf | G2: raw/I. Quan ly thue | H2: PDF scan (chụp hình) | I2: 65 | J2: 2 | K2: Có file | L2: https://datafiles.chinhphu.vn/cpp/files/vbpq/2026/01/108-qh15.signed.pdf | N2: Máy scan (Smart Touch 1.9) | O2: Smart Touch 1.9 | P2: Kodak Alaris Inc. ; modified using iTextSharp™ 5.5.5 ©2000-2014 iText Group NV (AGPL-version) | Q2: 2026-01-10 | R2: Có
A3: 2 | B3: I. Quản lý thuế | C3: 252/2026/NĐ-CP | D3: Nghị định | E3: Nghị định quy định chi tiết một số điều và biện pháp để tổ chức, hướng dẫn thi hành Luật Quản lý thuế | F3: ND252_2026.pdf | G3: raw/I. Quan ly thue | H3: PDF scan (chụp hình) | I3: 133 | J3: 1 | K3: Có file | L3: https://datafiles.chinhphu.vn/cpp/files/vbpq/2026/7/252-ndcp.signed.pdf | N3: Máy scan (Smart Touch 1.9) | O3: Smart Touch 1.9 | P3: Kodak Alaris Inc. ; modified using iTextSharp™ 5.5.5 ©2000-2014 iText Group NV (AGPL-version) | Q3: 2026-07-03 | R3: Có
A4: 3 | B4: I. Quản lý thuế | C4: 255/2026/NĐ-CP | D4: Nghị định | E4: Nghị định quy định về quản lý thuế đối với các giao dịch liên kết của những doanh nghiệp có quan hệ liên kết | F4: ND255_2026.pdf | G4: raw/I. Quan ly thue | H4: PDF scan (chụp hình) | I4: 77 | J4: 2 | K4: Có file | L4: https://datafiles.chinhphu.vn/cpp/files/vbpq/2026/7/255-ndcp.signed.pdf | N4: Máy scan (Smart Touch 1.9) | O4: Smart Touch 1.9 | P4: Kodak Alaris Inc. ; modified using iTextSharp™ 5.5.5 ©2000-2014 iText Group NV (AGPL-version) | Q4: 2026-07-06 | R4: Có
A5: 4 | B5: I. Quản lý thuế | C5: 125/2020/NĐ-CP | D5: Nghị định | E5: Nghị định quy định xử phạt vi phạm hành chính về thuế, hóa đơn | F5: ND125_2020.pdf | G5: raw/I. Quan ly thue | H5: PDF scan (chụp hình) | I5: 87 | J5: 2 | K5: Có file | L5: https://datafiles.chinhphu.vn/cpp/files/vbpq/2020/10/125.signed.pdf | N5: Máy scan (Smart Touch 1.8) | O5: Smart Touch 1.8 | P5: Kodak Alaris Inc. ; modified using VGCA.Base 5.2.1 (c) 1T3XT BVBA | Q5: 2020-10-21 | R5: Có
A6: 5 | B6: I. Quản lý thuế | C6: 310/2025/NĐ-CP | D6: Nghị định | E6: Nghị định sửa đổi, bổ sung một số điều của Nghị định số 125/2020/NĐ-CP ngày 19 tháng 10 năm 2020 của Chính phủ quy định xử phạt vi phạm hành chính về thuế, hóa đơn | F6: ND310_2025.pdf | G6: raw/I. Quan ly thue | H6: PDF scan (chụp hình) | I6: 16 | J6: 9 | K6: Có file | L6: https://datafiles.chinhphu.vn/cpp/files/vbpq/2025/12/310-cp.signed.pdf | N6: Máy scan (Smart Touch 1.9) | O6: Smart Touch 1.9 | P6: Kodak Alaris Inc. ; modified using iTextSharp™ 5.5.5 ©2000-2014 iText Group NV (AGPL-version) | Q6: 2025-12-04 | R6: Có
A7: 6 | B7: I. Quản lý thuế | C7: 291/2026/NĐ-CP | D7: Nghị định | E7: Nghị định sửa đổi, bổ sung một số điều của Nghị định số 125/2020/NĐ-CP quy định xử phạt vi phạm hành chính về thuế, hóa đơn được sửa đổi, bổ sung bởi Nghị định số 102/2021/NĐ-CP và Nghị định số 310/2025/NĐ-CP | F7: ND291_2026.pdf | G7: raw/I. Quan ly thue | H7: PDF scan (chụp hình) | I7: 3 | J7: 62 | K7: Có file | L7: https://datafiles.chinhphu.vn/cpp/files/vbpq/2026/7/291_2026_nd-cp_21072026-signed.signed.pdf | N7: Không rõ (VGCASignService 1.0.11 ©2014 VGCA - Ban Co yeu Chinh phu; modified using iTextSharp™ 5.5.5 ©2000-2014 iText Group NV (AGPL-version)) | P7: VGCASignService 1.0.11 ©2014 VGCA - Ban Co yeu Chinh phu; modified using iTextSharp™ 5.5.5 ©2000-2014 iText Group NV (AGPL-version) | Q7: 2026-07-22 | R7: Có
A8: 7 | B8: I. Quản lý thuế | C8: 89/2026/TT-BTC | D8: Thông tư | E8: Thông tư quy định chi tiết một số điều của Luật Quản lý thuế và Nghị định số 252/2026/NĐ-CP của Chính phủ quy định chi tiết một số điều và biện pháp để tổ chức, hướng dẫn thi hành Luật Quản lý thuế | F8: TT89_2026_BTC.pdf | G8: raw/I. Quan ly thue | H8: PDF scan (chụp hình) | I8: 839 | J8: 0 | K8: Có file | L8: https://datafiles.chinhphu.vn/cpp/files/vbpq/2026/7/89-btc.signed.pdf | N8: Máy scan (IMIP Universal Scan) | O8: IMIP Universal Scan | P8: GdPicture.NET; modified using iTextSharp™ 5.5.5 ©2000-2014 iText Group NV (AGPL-version) | Q8: 2026-07-15 | R8: Có
A9: 8 | B9: I. Quản lý thuế | C9: 90/2026/TT-BTC | D9: Thông tư | E9: Thông tư quy định về đăng ký thuế | F9: TT90_2026_BTC.pdf | G9: raw/I. Quan ly thue | H9: PDF scan (chụp hình) | I9: 196 | J9: 1 | K9: Có file | L9: https://datafiles.chinhphu.vn/cpp/files/vbpq/2026/7/90-btc.signed.pdf | N9: Máy scan (IMIP Universal Scan) | O9: IMIP Universal Scan | P9: GdPicture.NET; modified using iTextSharp™ 5.5.5 ©2000-2014 iText Group NV (AGPL-version) | Q9: 2026-07-09 | R9: Có
A10: 9 | B10: II. Hóa đơn điện tử | C10: 254/2026/NĐ-CP | D10: Nghị định | E10: Nghị định quy định chi tiết một số điều và biện pháp để tổ chức, hướng dẫn thi hành Luật Quản lý thuế số 108/2025/QH15 về hóa đơn điện tử, chứng từ điện tử | F10: ND254_2026.pdf | G10: raw/II. Hoa don dien tu | H10: PDF scan (chụp hình) | I10: 55 | J10: 3 | K10: Có file | L10: https://datafiles.chinhphu.vn/cpp/files/vbpq/2026/7/254-ndcp.signed.pdf | N10: Máy scan (Smart Touch 1.9) | O10: Smart Touch 1.9 | P10: Kodak Alaris Inc. ; modified using iTextSharp™ 5.5.5 ©2000-2014 iText Group NV (AGPL-version) | Q10: 2026-07-03 | R10: Có
A11: 10 | B11: II. Hóa đơn điện tử | C11: 91/2026/TT-BTC | D11: Thông tư | E11: Thông tư quy định một số điều của Luật Quản lý thuế và Nghị định số 254/2026/NĐ-CP của Chính phủ quy định chi tiết một số điều và biện pháp để tổ chức, hướng dẫn thi hành Luật Quản lý thuế số 108/2025/QH15 về hóa đơn điện tử, chứng từ điện tử | F11: TT91_2026_BTC.pdf | G11: raw/II. Hoa don dien tu | H11: PDF scan (chụp hình) | I11: 97 | J11: 2 | K11: Có file | L11: https://datafiles.chinhphu.vn/cpp/files/vbpq/2026/7/91-btc.signed.pdf | N11: Máy scan (Smart Touch 1.9) | O11: Smart Touch 1.9 | P11: Kodak Alaris Inc. ; modified using iTextSharp™ 5.5.5 ©2000-2014 iText Group NV (AGPL-version) | Q11: 2026-07-28 | R11: Có
A12: 11 | B12: III. Thuế GTGT | C12: 48/2024/QH15 | D12: Luật | E12: Luật Thuế giá trị gia tăng | F12: L48_2024_QH15.pdf | G12: raw/III. Thue GTGT | H12: PDF có text (xuất từ phần mềm khác) | I12: 20 | J12: 2284 | K12: Có file | L12: https://datafiles.chinhphu.vn/cpp/files/vbpq/2025/01/luat48.pdf | N12: Không có metadata (thường là bản Công báo điện tử) | R12: Có
A13: 12 | B13: III. Thuế GTGT | C13: 149/2025/QH15 | D13: Luật | E13: Luật sửa đổi, bổ sung một số điều của Luật Thuế giá trị gia tăng | F13: L149_2025_QH15.pdf | G13: raw/III. Thue GTGT | H13: PDF scan (chụp hình) | I13: 2 | J13: 74 | K13: Có file | L13: https://datafiles.chinhphu.vn/cpp/files/vbpq/2026/01/luat149.signed.pdf | N13: Máy scan (Smart Touch 1.9) | O13: Smart Touch 1.9 | P13: Kodak Alaris Inc. ; modified using iTextSharp™ 5.5.5 ©2000-2014 iText Group NV (AGPL-version) | Q13: 2026-01-12 | R13: Có
A14: 13 | B14: III. Thuế GTGT | C14: 09/2026/QH16 | D14: Luật | E14: Luật sửa đổi, bổ sung một số điều của Luật Thuế thu nhập cá nhân, Luật Thuế giá trị gia tăng, Luật Thuế thu nhập doanh nghiệp và Luật Thuế tiêu thụ đặc biệt | F14: L09_2026_QH16.pdf | G14: raw/III. Thue GTGT | H14: PDF scan (chụp hình) | I14: 2 | J14: 74 | K14: Có file | L14: https://datafiles.chinhphu.vn/cpp/files/vbpq/2026/5/09-qh.signed.pdf | N14: Máy scan (Smart Touch 1.9) | O14: Smart Touch 1.9 | P14: Kodak Alaris Inc. ; modified using iTextSharp™ 5.5.5 ©2000-2014 iText Group NV (AGPL-version) | Q14: 2026-05-15 | R14: Có
A15: 14 | B15: III. Thuế GTGT | C15: 181/2025/NĐ-CP | D15: Nghị định | E15: Nghị định quy định chi tiết thi hành một số điều của Luật Thuế giá trị gia tăng | F15: ND181_2025.pdf | G15: raw/III. Thue GTGT | H15: PDF scan (chụp hình) | I15: 75 | J15: 2 | K15: Có file | L15: https://datafiles.chinhphu.vn/cpp/files/vbpq/2025/7/181nd.signed.pdf | N15: Máy scan (Smart Touch 1.9) | O15: Smart Touch 1.9 | P15: Kodak Alaris Inc. ; modified using iTextSharp™ 5.5.5 ©2000-2014 iText Group NV (AGPL-version) | Q15: 2025-07-03 | R15: Có
A16: 15 | B16: III. Thuế GTGT | C16: 174/2025/NĐ-CP | D16: Nghị định | E16: Nghị định quy định chính sách giảm thuế giá trị gia tăng theo Nghị quyết số 204/2025/QH15 ngày 17 tháng 6 năm 2025 của Quốc hội | F16: ND174_2025.pdf | G16: raw/III. Thue GTGT | H16: PDF scan (chụp hình) | I16: 56 | J16: 3 | K16: Có file | L16: https://datafiles.chinhphu.vn/cpp/files/vbpq/2025/7/174nd.signed.pdf | N16: Máy scan (Smart Touch 1.9) | O16: Smart Touch 1.9 | P16: Kodak Alaris Inc. ; modified using iTextSharp™ 5.5.5 ©2000-2014 iText Group NV (AGPL-version) | Q16: 2025-07-03 | R16: Có
A17: 16 | B17: III. Thuế GTGT | C17: 359/2025/NĐ-CP | D17: Nghị định | E17: Nghị định sửa đổi, bổ sung một số điều của Nghị định số 181/2025/NĐ-CP ngày 01 tháng 7 năm 2025 của Chính phủ quy định chi tiết thi hành một số điều của Luật Thuế giá trị gia tăng | F17: ND359_2025.pdf | G17: raw/III. Thue GTGT | H17: PDF scan (chụp hình) | I17: 3 | J17: 49 | K17: Có file | L17: https://datafiles.chinhphu.vn/cpp/files/vbpq/2026/01/359-nd.signed.pdf | N17: Máy scan (Smart Touch 1.9) | O17: Smart Touch 1.9 | P17: Kodak Alaris Inc. ; modified using iTextSharp™ 5.5.5 ©2000-2014 iText Group NV (AGPL-version) | Q17: 2026-01-05 | R17: Có
A18: 17 | B18: III. Thuế GTGT | C18: 144/2026/NĐ-CP | D18: Nghị định | E18: Nghị định sửa đổi, bổ sung một số điều của Nghị định số 181/2025/NĐ-CP quy định chi tiết thi hành một số điều của Luật Thuế giá trị gia tăng đã được sửa đổi, bổ sung bởi Nghị định số 359/2025/NĐ-CP | F18: ND144_2026.pdf | G18: raw/III. Thue GTGT | H18: PDF scan (chụp hình) | I18: 23 | J18: 6 | K18: Có file | L18: https://datafiles.chinhphu.vn/cpp/files/vbpq/2026/4/144-ndcp.signed.pdf | N18: Máy scan (Smart Touch 1.9) | O18: Smart Touch 1.9 | P18: Kodak Alaris Inc. ; modified using iTextSharp™ 5.5.5 ©2000-2014 iText Group NV (AGPL-version) | Q18: 2026-05-07 | R18: Có
A19: 18 | B19: III. Thuế GTGT | C19: 69/2025/TT-BTC | D19: Thông tư | E19: Thông tư quy định chi tiết một số điều của Luật Thuế giá trị gia tăng và hướng dẫn thực hiện Nghị định số 181/2025/NĐ-CP ngày 01 tháng 7 năm 2025 của Chính phủ quy định chi tiết thi hành một số điều của Luật Thuế giá trị gia tăng | F19: TT69_2025_BTC.pdf | G19: raw/III. Thue GTGT | H19: PDF scan (chụp hình) | I19: 21 | J19: 7 | K19: Có file | L19: https://datafiles.chinhphu.vn/cpp/files/vbpq/2025/7/69-btc.signed.pdf | N19: Máy scan (Smart Touch 1.9) | O19: Smart Touch 1.9 | P19: Kodak Alaris Inc. ; modified using iTextSharp™ 5.5.5 ©2000-2014 iText Group NV (AGPL-version) | Q19: 2025-07-04 | R19: Có
A20: 19 | B20: III. Thuế GTGT | C20: 77/2025/TT-BTC | D20: Thông tư | E20: Thông tư quy định chi tiết các dịch vụ kinh doanh chứng khoán và chuyển nhượng chứng khoán theo Nghị định số 181/2025/NĐ-CP ngày 01 tháng 7 năm 2025 của Chính phủ quy định chi tiết thi hành một số điều của Luật Thuế giá trị gia tăng | F20: TT77_2025_BTC.pdf | G20: raw/III. Thue GTGT | H20: PDF scan (chụp hình) | I20: 3 | J20: 0 | K20: Có file | L20: https://datafiles.chinhphu.vn/cpp/files/vbpq/2025/7/77-btc.pdf | N20: Không rõ (Haru Free PDF Library 2.1.0) | P20: Haru Free PDF Library 2.1.0 | R20: Không
A21: 20 | B21: III. Thuế GTGT | C21: 101/2025/TT-BNNMT | D21: Thông tư | E21: Thông tư hướng dẫn các loại máy chuyên dùng khác phục vụ cho sản xuất nông nghiệp chưa được quy định tại khoản 6 Điều 19 Nghị định số 181/2025/NĐ-CP ngày 01 tháng 7 năm 2025 của Chính phủ quy định chi tiết thi hành một số điều của Luật Thuế giá trị gia tăng | F21: TT101_2025_BNNMT.pdf | G21: raw/III. Thue GTGT | H21: PDF convert từ Word | I21: 5 | J21: 1624 | K21: Có file | L21: https://datafiles.chinhphu.vn/cpp/files/vbpq/2026/01/101-bnnmt.pdf | M21: Số 101 và ngày 31/12/2025 được điền tay trên file; file không có trang chữ ký | N21: Microsoft® Word 2016 | O21: Microsoft® Word 2016 | P21: Microsoft® Word 2016; modified using iTextSharp™ 5.5.9 ©2000-2016 iText Group NV (AGPL-version) | Q21: 2026-01-27 | R21: Có
A22: 21 | B22: IV. Thuế TNCN | C22: 109/2025/QH15 | D22: Luật | E22: Luật Thuế thu nhập cá nhân | F22: L109_2025_QH15.pdf | G22: raw/IV. Thue thu nhap ca nhan | H22: PDF scan (chụp hình) | I22: 15 | J22: 0 | K22: Có file | L22: https://datafiles.chinhphu.vn/cpp/files/vbpq/2026/01/luat109-2025.pdf | N22: Máy scan (HP Scan) | O22: HP Scan | P22: HP Scan Extended Application; modified using iTextSharp™ 5.5.9 ©2000-2016 iText Group NV (AGPL-version) | Q22: 2025-12-24 | R22: Có
A23: 22 | B23: IV. Thuế TNCN | C23: 253/2026/NĐ-CP | D23: Nghị định | E23: Nghị định quy định chi tiết một số điều và biện pháp để tổ chức, hướng dẫn thi hành Luật Thuế thu nhập cá nhân | F23: ND253_2026.pdf | G23: raw/IV. Thue thu nhap ca nhan | H23: PDF scan (chụp hình) | I23: 61 | J23: 2 | K23: Có file | L23: https://datafiles.chinhphu.vn/cpp/files/vbpq/2026/7/253m-ndcp.signed.pdf | N23: Máy scan (Smart Touch 1.9) | O23: Smart Touch 1.9 | P23: Kodak Alaris Inc. ; modified using iTextSharp™ 5.5.5 ©2000-2014 iText Group NV (AGPL-version) | Q23: 2026-07-06 | R23: Có
A24: 23 | B24: IV. Thuế TNCN | C24: 87/2026/TT-BTC | D24: Thông tư | E24: Thông tư quy định chi tiết một số điều của Luật Thuế thu nhập cá nhân và Nghị định số 253/2026/NĐ-CP của Chính phủ quy định chi tiết một số điều và biện pháp để tổ chức, hướng dẫn thi hành Luật Thuế thu nhập cá nhân | F24: TT87_2026_BTC.pdf | G24: raw/IV. Thue thu nhap ca nhan | H24: PDF scan (chụp hình) | I24: 6 | J24: 39 | K24: Có file | L24: https://datafiles.chinhphu.vn/cpp/files/vbpq/2026/7/87-btc.signed.pdf | N24: Máy scan (IMIP Universal Scan) | O24: IMIP Universal Scan | P24: GdPicture.NET; modified using iTextSharp™ 5.5.5 ©2000-2014 iText Group NV (AGPL-version) | Q24: 2026-07-03 | R24: Có
A25: 24 | B25: V. Thuế TNDN | C25: 67/2025/QH15 | D25: Luật | E25: Luật Thuế thu nhập doanh nghiệp | F25: L67_2025_QH15.pdf | G25: raw/V. Thue thu nhap doanh nghiep | H25: PDF scan (chụp hình) | I25: 21 | J25: 7 | K25: Có file | L25: https://datafiles.chinhphu.vn/cpp/files/vbpq/2025/7/67qh.signed.pdf | N25: Máy scan (Smart Touch 1.9) | O25: Smart Touch 1.9 | P25: Kodak Alaris Inc. ; modified using iTextSharp™ 5.5.5 ©2000-2014 iText Group NV (AGPL-version) | Q25: 2025-07-16 | R25: Có
A26: 25 | B26: V. Thuế TNDN | C26: 320/2025/NĐ-CP | D26: Nghị định | E26: Nghị định quy định chi tiết một số điều và biện pháp để tổ chức, hướng dẫn thi hành Luật Thuế thu nhập doanh nghiệp | F26: ND320_2025.pdf | G26: raw/V. Thue thu nhap doanh nghiep | H26: PDF scan (chụp hình) | I26: 76 | J26: 2 | K26: Có file | L26: https://datafiles.chinhphu.vn/cpp/files/vbpq/2025/12/320-ndcp.signed.pdf | N26: Máy scan (Smart Touch 1.9) | O26: Smart Touch 1.9 | P26: Kodak Alaris Inc. ; modified using iTextSharp™ 5.5.5 ©2000-2014 iText Group NV (AGPL-version) | Q26: 2025-12-17 | R26: Có
A27: 26 | B27: V. Thuế TNDN | C27: 20/2026/NĐ-CP | D27: Nghị định | E27: Nghị định quy định chi tiết và hướng dẫn thi hành một số điều của Nghị quyết số 198/2025/QH15 ngày 17 tháng 5 năm 2025 của Quốc hội về một số cơ chế, chính sách đặc biệt phát triển kinh tế tư nhân | F27: ND20_2026.pdf | G27: raw/V. Thue thu nhap doanh nghiep | H27: PDF scan (chụp hình) | I27: 23 | J27: 6 | K27: Có file | L27: https://datafiles.chinhphu.vn/cpp/files/vbpq/2026/01/20nd.signed.pdf | M27: Danh mục ghi "hướng dẫn Luật Thuế TNDN" nhưng bản gốc là Nghị định hướng dẫn Nghị quyết 198/2025/QH15 về phát triển kinh tế tư nhân (có ưu đãi thuế TNDN) | N27: Máy scan (Smart Touch 1.9) | O27: Smart Touch 1.9 | P27: Kodak Alaris Inc. ; modified using iTextSharp™ 5.5.5 ©2000-2014 iText Group NV (AGPL-version) | Q27: 2026-01-16 | R27: Có
A28: 27 | B28: V. Thuế TNDN | C28: 141/2026/NĐ-CP | D28: Nghị định | E28: Nghị định sửa đổi, bổ sung một số điều của Nghị định số 68/2026/NĐ-CP quy định về chính sách thuế đối với hộ kinh doanh, cá nhân kinh doanh và Nghị định số 320/2025/NĐ-CP quy định chi tiết một số điều và biện pháp để tổ chức, hướng dẫn thi hành Luật Thuế thu nhập doanh nghiệp | F28: ND141_2026.pdf | G28: raw/V. Thue thu nhap doanh nghiep | H28: PDF scan (chụp hình) | I28: 4 | J28: 37 | K28: Có file | L28: https://datafiles.chinhphu.vn/cpp/files/vbpq/2026/4/141-ndcp.signed.pdf | M28: Có ở cả nhóm V và VI (2 file giống hệt nhau) – tính là 1 văn bản | N28: Máy scan (Smart Touch 1.9) | O28: Smart Touch 1.9 | P28: Kodak Alaris Inc. ; modified using iTextSharp™ 5.5.5 ©2000-2014 iText Group NV (AGPL-version) | Q28: 2026-05-04 | R28: Có
A29: 28 | B29: V. Thuế TNDN | C29: 245/2026/NĐ-CP | D29: Nghị định | E29: Nghị định gia hạn thời hạn nộp thuế giá trị gia tăng, thuế thu nhập doanh nghiệp, thuế thu nhập cá nhân và tiền thuê đất trong năm 2026 | F29: ND245_2026.pdf | G29: raw/V. Thue thu nhap doanh nghiep | H29: PDF scan (chụp hình) | I29: 11 | J29: 13 | K29: Có file | L29: https://datafiles.chinhphu.vn/cpp/files/vbpq/2026/6/245-ndcp.signed.pdf | N29: Máy scan (Smart Touch 1.9) | O29: Smart Touch 1.9 | P29: Kodak Alaris Inc. ; modified using iTextSharp™ 5.5.5 ©2000-2014 iText Group NV (AGPL-version) | Q29: 2026-06-30 | R29: Có
A30: 29 | B30: V. Thuế TNDN | C30: 20/2026/TT-BTC | D30: Thông tư | E30: Thông tư quy định chi tiết một số điều của Luật Thuế thu nhập doanh nghiệp và Nghị định số 320/2025/NĐ-CP ngày 15 tháng 12 năm 2025 của Chính phủ quy định chi tiết một số điều và biện pháp để tổ chức, hướng dẫn thi hành Luật Thuế thu nhập doanh nghiệp | F30: TT20_2026_BTC.pdf | G30: raw/V. Thue thu nhap doanh nghiep | H30: PDF scan (chụp hình) | I30: 22 | J30: 4 | K30: Có file | L30: https://datafiles.chinhphu.vn/cpp/files/vbpq/2026/3/20-btc.pdf | N30: Máy scan (IMIP Universal Scan) | O30: IMIP Universal Scan | P30: GdPicture.NET; modified using iTextSharp™ 5.5.6 ©2000-2014 iText Group NV (AGPL-version) | Q30: 2026-03-13 | R30: Có
A31: 30 | B31: VI. Hộ kinh doanh | C31: 68/2026/NĐ-CP | D31: Nghị định | E31: Nghị định quy định về chính sách thuế và quản lý thuế đối với hộ kinh doanh, cá nhân kinh doanh | F31: ND68_2026.pdf | G31: raw/VI. Ho kinh doanh ca nhan kinh doanh | H31: PDF scan (chụp hình) | I31: 19 | J31: 8 | K31: Có file | L31: https://datafiles.chinhphu.vn/cpp/files/vbpq/2026/3/68-ndcp.signed.pdf | N31: Máy scan (Smart Touch 1.9) | O31: Smart Touch 1.9 | P31: Kodak Alaris Inc. ; modified using iTextSharp™ 5.5.5 ©2000-2014 iText Group NV (AGPL-version) | Q31: 2026-03-06 | R31: Có
A32: 31 | B32: VI. Hộ kinh doanh | C32: 141/2026/NĐ-CP | D32: Nghị định | E32: Nghị định sửa đổi, bổ sung một số điều của Nghị định số 68/2026/NĐ-CP quy định về chính sách thuế đối với hộ kinh doanh, cá nhân kinh doanh và Nghị định số 320/2025/NĐ-CP quy định chi tiết một số điều và biện pháp để tổ chức, hướng dẫn thi hành Luật Thuế thu nhập doanh nghiệp | F32: ND141_2026.pdf | G32: raw/VI. Ho kinh doanh ca nhan kinh doanh | H32: PDF scan (chụp hình) | I32: 4 | J32: 37 | K32: Có file | L32: https://datafiles.chinhphu.vn/cpp/files/vbpq/2026/4/141-ndcp.signed.pdf | M32: Có ở cả nhóm V và VI (2 file giống hệt nhau) – tính là 1 văn bản | N32: Máy scan (Smart Touch 1.9) | O32: Smart Touch 1.9 | P32: Kodak Alaris Inc. ; modified using iTextSharp™ 5.5.5 ©2000-2014 iText Group NV (AGPL-version) | Q32: 2026-05-04 | R32: Có
A33: 32 | B33: VI. Hộ kinh doanh | C33: 152/2025/TT-BTC | D33: Thông tư | E33: Thông tư hướng dẫn kế toán cho các hộ kinh doanh, cá nhân kinh doanh | F33: TT152_2025_BTC.pdf | G33: raw/VI. Ho kinh doanh ca nhan kinh doanh | H33: PDF scan (chụp hình) | I33: 14 | J33: 6 | K33: Có file | L33: https://datafiles.chinhphu.vn/cpp/files/vbpq/2026/01/152-btc.pdf | M33: Thuộc cả nhóm VI và VIII, file nằm ở nhóm VI – tính là 1 văn bản (đã xóa bản trùng TT52_2025_BTC.pdf do Long đặt sai tên) | N33: Máy scan (IMIP Universal Scan) | O33: IMIP Universal Scan | P33: GdPicture.NET; modified using iTextSharp™ 5.5.6 ©2000-2014 iText Group NV (AGPL-version) | Q33: 2026-01-06 | R33: Có
A34: 33 | B34: VI. Hộ kinh doanh | C34: 18/2026/TT-BTC | D34: Thông tư | E34: Thông tư quy định về hồ sơ, thủ tục quản lý thuế đối với hộ kinh doanh, cá nhân kinh doanh | F34: TT18_2026_BTC.pdf | G34: raw/VI. Ho kinh doanh ca nhan kinh doanh | H34: PDF scan (chụp hình) | I34: 44 | J34: 3 | K34: Có file | L34: https://datafiles.chinhphu.vn/cpp/files/vbpq/2026/3/18-btc.signed.pdf | N34: Máy scan (Smart Touch 1.9) | O34: Smart Touch 1.9 | P34: Kodak Alaris Inc. ; modified using iTextSharp™ 5.5.5 ©2000-2014 iText Group NV (AGPL-version) | Q34: 2026-03-12 | R34: Có
A35: 34 | B35: VI. Hộ kinh doanh | C35: 50/2026/TT-BTC | D35: Thông tư | E35: Thông tư sửa đổi, bổ sung một số điều của Thông tư số 18/2026/TT-BTC ngày 05 tháng 3 năm 2026 của Bộ trưởng Bộ Tài chính quy định về hồ sơ, thủ tục quản lý thuế đối với hộ kinh doanh, cá nhân kinh doanh | F35: TT50_2026_BTC.pdf | G35: raw/VI. Ho kinh doanh ca nhan kinh doanh | H35: PDF scan (chụp hình) | I35: 20 | J35: 7 | K35: Có file | L35: https://datafiles.chinhphu.vn/cpp/files/vbpq/2026/5/50-btc.signed.pdf | N35: Máy scan (Smart Touch 1.9) | O35: Smart Touch 1.9 | P35: Kodak Alaris Inc. ; modified using iTextSharp™ 5.5.5 ©2000-2014 iText Group NV (AGPL-version) | Q35: 2026-05-15 | R35: Có
A36: 35 | B36: VII. Đăng ký doanh nghiệp | C36: 59/2020/QH14 | D36: Luật | E36: Luật Doanh nghiệp | F36: L59_2020_QH14.pdf + L59_2020_QH14_tiep.pdf | G36: raw/VII. Dang ky doanh nghiep | H36: PDF scan (chụp hình) | I36: 141 | J36: 2 | K36: Có file | L36: https://datafiles.chinhphu.vn/cpp/files/vbpq/2020/07/59.signed.pdf, https://datafiles.chinhphu.vn/cpp/files/vbpq/2020/07/59tiep.pdf | M36: Nguồn chia làm 2 phần: L59_2020_QH14.pdf + L59_2020_QH14_tiep.pdf | N36: Máy scan (Smart Touch 1.8) | O36: Smart Touch 1.8 | P36: Kodak Alaris Inc. ; modified using VGCA.Base 5.2.1 (c) 1T3XT BVBA | Q36: 2020-07-08 | R36: Có
A37: 36 | B37: VII. Đăng ký doanh nghiệp | C37: 03/2022/QH15 | D37: Luật | E37: Luật sửa đổi, bổ sung một số điều của Luật Đầu tư công, Luật Đầu tư theo phương thức đối tác công tư, Luật Đầu tư, Luật Nhà ở, Luật Đấu thầu, Luật Điện lực, Luật Doanh nghiệp, Luật Thuế tiêu thụ đặc biệt và Luật Thi hành án dân sự | F37: L03_2022_QH15.pdf | G37: raw/VII. Dang ky doanh nghiep | H37: PDF có text (xuất từ phần mềm khác) | I37: 15 | J37: 1768 | K37: Có file | L37: https://datafiles.chinhphu.vn/cpp/files/vbpq/2022/07/03-2022-qh15..pdf | N37: Không có metadata (thường là bản Công báo điện tử) | R37: Có
A38: 37 | B38: VII. Đăng ký doanh nghiệp | C38: 76/2025/QH15 | D38: Luật | E38: Luật sửa đổi, bổ sung một số điều của Luật Doanh nghiệp | F38: L76_2025_QH15.pdf | G38: raw/VII. Dang ky doanh nghiep | H38: PDF scan (chụp hình) | I38: 7 | J38: 21 | K38: Có file | L38: https://datafiles.chinhphu.vn/cpp/files/vbpq/2025/7/76qh.signed.pdf | N38: Máy scan (Smart Touch 1.9) | O38: Smart Touch 1.9 | P38: Kodak Alaris Inc. ; modified using iTextSharp™ 5.5.5 ©2000-2014 iText Group NV (AGPL-version) | Q38: 2025-07-16 | R38: Có
A39: 38 | B39: VII. Đăng ký doanh nghiệp | C39: 168/2025/NĐ-CP | D39: Nghị định | E39: Nghị định về đăng ký doanh nghiệp | F39: ND168_2025.pdf | G39: raw/VII. Dang ky doanh nghiep | H39: PDF scan (chụp hình) | I39: 122 | J39: 1 | K39: Có file | L39: https://datafiles.chinhphu.vn/cpp/files/vbpq/2025/7/168nd.signed.pdf | N39: Máy scan (Smart Touch 1.9) | O39: Smart Touch 1.9 | P39: Kodak Alaris Inc. ; modified using iTextSharp™ 5.5.5 ©2000-2014 iText Group NV (AGPL-version) | Q39: 2025-07-03 | R39: Có
A40: 39 | B40: VII. Đăng ký doanh nghiệp | C40: 296/2026/NĐ-CP | D40: Nghị định | E40: Nghị định sửa đổi, bổ sung một số điều của Nghị định số 168/2025/NĐ-CP ngày 30 tháng 6 năm 2025 của Chính phủ về đăng ký doanh nghiệp | F40: ND296_2026.pdf | G40: raw/VII. Dang ky doanh nghiep | H40: PDF scan (chụp hình) | I40: 14 | J40: 14 | K40: Có file | L40: https://datafiles.chinhphu.vn/cpp/files/vbpq/2026/7/296_2026_nd-cp_23072026-signed.signed.pdf | N40: Không rõ (VGCASignService 1.0.11 ©2014 VGCA - Ban Co yeu Chinh phu; modified using iTextSharp™ 5.5.5 ©2000-2014 iText Group NV (AGPL-version)) | P40: VGCASignService 1.0.11 ©2014 VGCA - Ban Co yeu Chinh phu; modified using iTextSharp™ 5.5.5 ©2000-2014 iText Group NV (AGPL-version) | Q40: 2026-07-24 | R40: Có
A41: 40 | B41: VII. Đăng ký doanh nghiệp | C41: 68/2025/TT-BTC | D41: Thông tư | E41: Thông tư ban hành biểu mẫu sử dụng trong đăng ký doanh nghiệp, đăng ký hộ kinh doanh | F41: TT68_2025_BTC.pdf | G41: raw/VII. Dang ky doanh nghiep | H41: PDF scan (chụp hình) | I41: 266 | J41: 0 | K41: Có file | L41: https://datafiles.chinhphu.vn/cpp/files/vbpq/2025/7/68-btc.pdf | N41: Máy scan (IMIP Universal Scan) | O41: IMIP Universal Scan | P41: GdPicture.NET; modified using iTextSharp™ 5.5.6 ©2000-2014 iText Group NV (AGPL-version) | Q41: 2025-07-01 | R41: Có
A42: 41 | B42: VIII. Chế độ kế toán | C42: 99/2025/TT-BTC | D42: Thông tư | E42: Thông tư hướng dẫn Chế độ kế toán doanh nghiệp | F42: TT99_2025_BTC.pdf | G42: raw/VIII. Che do ke toan | H42: PDF có text (xuất từ phần mềm khác) | I42: 74 | J42: 1761 | K42: Có file | L42: https://congbao.chinhphu.vn/van-ban/thong-tu-so-99-2025-tt-btc-46529.htm | N42: Không có metadata (thường là bản Công báo điện tử) | R42: Có
A43: 42 | B43: VIII. Chế độ kế toán | C43: 58/2026/TT-BTC | D43: Thông tư | E43: Thông tư hướng dẫn Chế độ kế toán cho doanh nghiệp siêu nhỏ | F43: TT58_2026_BTC.pdf | G43: raw/VIII. Che do ke toan | H43: PDF convert từ Word | I43: 33 | J43: 1870 | K43: Có file | L43: https://congbao.chinhphu.vn/van-ban/thong-tu-so-58-2026-tt-btc-469663.htm | N43: Microsoft® Word 2019 | O43: Microsoft® Word 2019 | P43: Microsoft® Word 2019; modified using iTextSharp™ 5.5.13.3 ©2000-2022 iText Group NV (AGPL-version) | Q43: 2026-06-10 | R43: Có
A44: 43 | B44: VIII. Chế độ kế toán | C44: 152/2025/TT-BTC | D44: Thông tư | E44: Thông tư hướng dẫn kế toán cho các hộ kinh doanh, cá nhân kinh doanh | F44: TT152_2025_BTC.pdf | G44: raw/VI. Ho kinh doanh ca nhan kinh doanh | H44: PDF scan (chụp hình) | I44: 14 | J44: 6 | K44: Có file | L44: https://datafiles.chinhphu.vn/cpp/files/vbpq/2026/01/152-btc.pdf | M44: Thuộc cả nhóm VI và VIII, file nằm ở nhóm VI – tính là 1 văn bản (đã xóa bản trùng TT52_2025_BTC.pdf do Long đặt sai tên) | N44: Máy scan (IMIP Universal Scan) | O44: IMIP Universal Scan | P44: GdPicture.NET; modified using iTextSharp™ 5.5.6 ©2000-2014 iText Group NV (AGPL-version) | Q44: 2026-01-06 | R44: Có
A45: 44 | B45: VIII. Chế độ kế toán | C45: 71/2024/TT-BTC | D45: Thông tư | E45: Thông tư hướng dẫn Chế độ kế toán Hợp tác xã, liên hiệp hợp tác xã | F45: TT71_2024_BTC.pdf | G45: raw/VIII. Che do ke toan | H45: PDF có text (xuất từ phần mềm khác) | I45: 92 | J45: 1616 | K45: Có file | L45: https://congbao.chinhphu.vn/van-ban/thong-tu-so-71-2024-tt-btc-42903.htm | N45: Không có metadata (thường là bản Công báo điện tử) | R45: Có
A46: 45 | B46: VIII. Chế độ kế toán | C46: 133/2016/TT-BTC | D46: Thông tư | E46: Thông tư hướng dẫn Chế độ kế toán doanh nghiệp nhỏ và vừa | F46: TT133_2016_BTC.doc | G46: raw/VIII. Che do ke toan | H46: Word gốc (.doc) | J46: 0 | K46: Có file | L46: https://ketoananpha.vn/uploads/files/Van-ban-luat/Ke-toan-Kiem-toan/Thong-tu-133_2016_TT-BTC.doc (bản Word, không phải trang chính thức) | M46: Đã bổ sung bản Word từ ketoananpha.vn (nguồn không chính thức); đã kiểm tra: Số 133/2016/TT-BTC, ngày 26/8/2016, đủ 93 Điều | N46: Word
A47: 46 | B47: IX. Bảo hiểm xã hội | C47: 41/2024/QH15 | D47: Luật | E47: Luật Bảo hiểm xã hội | F47: L41_2024_QH15.pdf | G47: raw/IX. Bao hiem xa hoi | H47: PDF có text (xuất từ phần mềm khác) | I47: 88 | J47: 2160 | K47: Có file | L47: https://datafiles.chinhphu.vn/cpp/files/vbpq/2024/9/41-2024-qh15.pdf | N47: Không có metadata (thường là bản Công báo điện tử) | R47: Có
A48: 47 | B48: IX. Bảo hiểm xã hội | C48: 274/2025/NĐ-CP | D48: Nghị định | E48: Nghị định quy định chi tiết một số điều của Luật Bảo hiểm xã hội về chậm đóng, trốn đóng bảo hiểm xã hội bắt buộc, bảo hiểm thất nghiệp; khiếu nại, tố cáo về bảo hiểm xã hội | F48: ND274_2025.pdf | G48: raw/IX. Bao hiem xa hoi | H48: PDF scan (chụp hình) | I48: 14 | J48: 11 | K48: Có file | L48: https://datafiles.chinhphu.vn/cpp/files/vbpq/2025/10/274-nd.signed.pdf | N48: Máy scan (Smart Touch 1.9) | O48: Smart Touch 1.9 | P48: Kodak Alaris Inc. ; modified using iTextSharp™ 5.5.5 ©2000-2014 iText Group NV (AGPL-version) | Q48: 2025-10-17 | R48: Có
A49: 48 | B49: IX. Bảo hiểm xã hội | C49: 158/2025/NĐ-CP | D49: Nghị định | E49: Nghị định quy định chi tiết và hướng dẫn thi hành một số điều của Luật Bảo hiểm xã hội về bảo hiểm xã hội bắt buộc | F49: ND158_2025.pdf | G49: raw/IX. Bao hiem xa hoi | H49: PDF scan (chụp hình) | I49: 52 | J49: 3 | K49: Có file | L49: http://datafiles.chinhphu.vn/cpp/files/vbpq/2025/6/158-ndcp.signed.pdf | N49: Máy scan (Smart Touch 1.9) | O49: Smart Touch 1.9 | P49: Kodak Alaris Inc. ; modified using iTextSharp™ 5.5.5 ©2000-2014 iText Group NV (AGPL-version) | Q49: 2025-06-26 | R49: Có
A50: 49 | B50: IX. Bảo hiểm xã hội | C50: 159/2025/NĐ-CP | D50: Nghị định | E50: Nghị định quy định chi tiết và hướng dẫn thi hành một số điều của Luật Bảo hiểm xã hội về bảo hiểm xã hội tự nguyện | F50: ND159_2025.pdf | G50: raw/IX. Bao hiem xa hoi | H50: PDF scan (chụp hình) | I50: 17 | J50: 9 | K50: Có file | L50: https://datafiles.chinhphu.vn/cpp/files/vbpq/2025/6/159-cp.signed.pdf | N50: Máy scan (Smart Touch 1.9) | O50: Smart Touch 1.9 | P50: Kodak Alaris Inc. ; modified using iTextSharp™ 5.5.5 ©2000-2014 iText Group NV (AGPL-version) | Q50: 2025-06-30 | R50: Có
A51: 50 | B51: IX. Bảo hiểm xã hội | C51: 176/2025/NĐ-CP | D51: Nghị định | E51: Nghị định quy định chi tiết và hướng dẫn thi hành một số điều của Luật Bảo hiểm xã hội về trợ cấp hưu trí xã hội | F51: ND176_2025.pdf | G51: raw/IX. Bao hiem xa hoi | H51: PDF scan (chụp hình) | I51: 10 | J51: 15 | K51: Có file | L51: https://datafiles.chinhphu.vn/cpp/files/vbpq/2025/7/176nd.signed.pdf | N51: Máy scan (Smart Touch 1.9) | O51: Smart Touch 1.9 | P51: Kodak Alaris Inc. ; modified using iTextSharp™ 5.5.5 ©2000-2014 iText Group NV (AGPL-version) | Q51: 2025-07-04 | R51: Có
A52: 51 | B52: IX. Bảo hiểm xã hội | C52: 12/2025/TT-BNV | D52: Thông tư | E52: Thông tư quy định chi tiết một số điều của Luật Bảo hiểm xã hội về bảo hiểm xã hội bắt buộc | F52: TT12_2025_BNV.pdf | G52: raw/IX. Bao hiem xa hoi | H52: PDF scan (chụp hình) | I52: 20 | J52: 3 | K52: Có file | L52: https://ebh.vn/Download/vanbanphapquy/thong-tu-12-2025-TT-BNV.pdf | N52: Máy scan (Scanner System) | O52: Scanner System | P52: Scanner System Image Conversion; modified using iTextSharp™ 5.5.9 ©2000-2016 iText Group NV (AGPL-version) | Q52: 2025-07-02 | R52: Có
A53: 52 | B53: IX. Bảo hiểm xã hội | C53: 11/2025/TT-BNV | D53: Thông tư | E53: Thông tư quy định chi tiết một số điều của Luật Bảo hiểm xã hội về bảo hiểm xã hội tự nguyện | F53: TT11_2025_BNV.pdf | G53: raw/IX. Bao hiem xa hoi | H53: PDF scan (chụp hình) | I53: 4 | J53: 14 | K53: Có file | L53: https://datafiles.chinhphu.vn/cpp/files/vbpq/2025/7/11-bnv.pdf | N53: Máy scan (Scanner System) | O53: Scanner System | P53: Scanner System Image Conversion; modified using iTextSharp™ 5.5.9 ©2000-2016 iText Group NV (AGPL-version) | Q53: 2025-07-03 | R53: Có
A54: 53 | B54: IX. Bảo hiểm xã hội | C54: 25/2025/TT-BYT | D54: Thông tư | E54: Thông tư quy định chi tiết thi hành Luật Bảo hiểm xã hội, Luật An toàn, vệ sinh lao động về lĩnh vực y tế và một số điều của Luật Khám bệnh, chữa bệnh | F54: TT25_2025_BYT.pdf | G54: raw/IX. Bao hiem xa hoi | H54: PDF có text (xuất từ phần mềm khác) | I54: 55 | J54: 1862 | K54: Có file | L54: https://bvtb.org.vn/thong-tu-25-2025-tt-byt-ngay-30-thang-6-nam-2025-quy-dinh-chi-tiet-thi-hanh-luat-bao-hiem-xa-hiem-xa-hoi-luat-an-toan-ve-sinh-lao-dong-ve-linh-vuc-y-te-va-mot-so-dieu-cua-luat-kham-benh-chua-benh/ | N54: Aspose Ltd. | O54: Aspose Ltd. | P54: Aspose.Pdf for .NET 8.0.0 | R54: Có
A55: 54 | B55: IX. Bảo hiểm xã hội | C55: 60/2025/TT-BYT | D55: Thông tư | E55: Thông tư quy định về bệnh nghề nghiệp được hưởng bảo hiểm xã hội và hướng dẫn chẩn đoán, giám định mức suy giảm khả năng lao động do bệnh nghề nghiệp | F55: TT60_2025_BYT.pdf | G55: raw/IX. Bao hiem xa hoi | H55: PDF scan (chụp hình) | I55: 7 | J55: 1 | K55: Có file | L55: https://vbpl.vn/van-ban/chi-tiet/thong-tu-so-60-2025-tt-byt-quy-dinh-ve-benh-nghe-nghiep-duoc-huong-bao-hiem-xa-hoi-va-huong-dan-chan-doan-giam-dinh-muc-suy-giam-kha-nang-lao-dong-do-benh-nghe-nghiep--187267?tabs=tai-ve | N55: Máy scan (HP Scan) | O55: HP Scan | P55: HP Scan Extended Application; modified using iTextSharp™ 5.5.9 ©2000-2016 iText Group NV (AGPL-version) | Q55: 2026-01-01 | R55: Có
A56: 55 | B56: X. Lao động – tiền lương | C56: 45/2019/QH14 | D56: Bộ luật | E56: Bộ luật Lao động | F56: L45_2019_QH14.pdf | G56: raw/X. Lao dong - Tien luong | H56: PDF scan (chụp hình) | I56: 83 | J56: 2 | K56: Có file | L56: https://datafiles.chinhphu.vn/cpp/files/vbpq/2019/12/45.signed.pdf | N56: Máy scan (Smart Touch 1.8) | O56: Smart Touch 1.8 | P56: Kodak Alaris Inc. ; modified using VGCA.Base 5.2.1 (c) 1T3XT BVBA | Q56: 2019-12-12 | R56: Có
A57: 56 | B57: X. Lao động – tiền lương | C57: 84/2015/QH13 | D57: Luật | E57: Luật An toàn, vệ sinh lao động | F57: L84_2015_QH13.pdf | G57: raw/X. Lao dong - Tien luong | H57: PDF scan (chụp hình) | I57: 59 | J57: 2 | K57: Có file | L57: https://datafiles.chinhphu.vn/cpp/files/vbpq/2015/07/84.signed.pdf | N57: Máy scan (HP Scanjet Software) | O57: HP Scanjet Software | P57: EZTwain Pro 3.43b3 using EZPdf 1.59; modified using VGCA.Base 5.2.1 (c) 1T3XT BVBA | Q57: 2015-07-16 | R57: Có
A58: 57 | B58: X. Lao động – tiền lương | C58: 74/2025/QH15 | D58: Luật | E58: Luật Việc làm | F58: L74_2025_QH15.pdf | G58: raw/X. Lao dong - Tien luong | H58: PDF scan (chụp hình) | I58: 26 | J58: 6 | K58: Có file | L58: https://datafiles.chinhphu.vn/cpp/files/vbpq/2025/7/74qh15.signed.pdf | N58: Máy scan (Smart Touch 1.9) | O58: Smart Touch 1.9 | P58: Kodak Alaris Inc. ; modified using iTextSharp™ 5.5.5 ©2000-2014 iText Group NV (AGPL-version) | Q58: 2025-07-16 | R58: Có
A59: 58 | B59: X. Lao động – tiền lương | C59: 50/2024/QH15 | D59: Luật | E59: Luật Công đoàn | F59: L50_2024_QH15.pdf | G59: raw/X. Lao dong - Tien luong | H59: PDF có text (xuất từ phần mềm khác) | I59: 25 | J59: 2092 | K59: Có file | L59: https://datafiles.chinhphu.vn/cpp/files/vbpq/2025/01/luat50.pdf | N59: Không có metadata (thường là bản Công báo điện tử) | R59: Không
A60: 59 | B60: X. Lao động – tiền lương | C60: 145/2020/NĐ-CP | D60: Nghị định | E60: Nghị định quy định chi tiết và hướng dẫn thi hành một số điều của Bộ luật Lao động về điều kiện lao động và quan hệ lao động | F60: ND145_2020.pdf | G60: raw/X. Lao dong - Tien luong | H60: PDF scan (chụp hình) | I60: 122 | J60: 1 | K60: Có file | L60: https://datafiles.chinhphu.vn/cpp/files/vbpq/2020/12/145.signed.pdf | N60: Máy scan (Smart Touch 1.8) | O60: Smart Touch 1.8 | P60: Kodak Alaris Inc. ; modified using VGCA.Base 5.2.1 (c) 1T3XT BVBA | Q60: 2020-12-17 | R60: Có
A61: 60 | B61: X. Lao động – tiền lương | C61: 88/2020/NĐ-CP | D61: Nghị định | E61: Nghị định quy định chi tiết và hướng dẫn thi hành một số điều của Luật An toàn, vệ sinh lao động về bảo hiểm tai nạn lao động, bệnh nghề nghiệp bắt buộc | F61: ND88_2020.pdf | G61: raw/X. Lao dong - Tien luong | H61: PDF scan (chụp hình) | I61: 60 | J61: 2 | K61: Có file | L61: https://datafiles.chinhphu.vn/cpp/files/vbpq/2020/07/88.signed.pdf | N61: Máy scan (Smart Touch 1.8) | O61: Smart Touch 1.8 | P61: Kodak Alaris Inc. ; modified using VGCA.Base 5.2.1 (c) 1T3XT BVBA | Q61: 2020-07-30 | R61: Có
A62: 61 | B62: X. Lao động – tiền lương | C62: 39/2016/NĐ-CP | D62: Nghị định | E62: Nghị định quy định chi tiết thi hành một số điều của Luật An toàn, vệ sinh lao động | F62: ND39_2016.pdf | G62: raw/X. Lao dong - Tien luong | H62: PDF scan (chụp hình) | I62: 84 | J62: 2 | K62: Có file | L62: https://datafiles.chinhphu.vn/cpp/files/vbpq/2016/06/39.signed.pdf | N62: Không rõ (PDFill: Free PDF Writer and Tools; modified using VGCA.Base 5.2.1 (c) 1T3XT BVBA) | P62: PDFill: Free PDF Writer and Tools; modified using VGCA.Base 5.2.1 (c) 1T3XT BVBA | Q62: 2016-06-14 | R62: Có
A63: 62 | B63: X. Lao động – tiền lương | C63: 219/2025/NĐ-CP | D63: Nghị định | E63: Nghị định quy định về người lao động nước ngoài làm việc tại Việt Nam | F63: ND219_2025.pdf | G63: raw/X. Lao dong - Tien luong | H63: PDF scan (chụp hình) | I63: 34 | J63: 4 | K63: Có file | L63: https://datafiles.chinhphu.vn/cpp/files/vbpq/2025/8/219-cp.signed.pdf | N63: Máy scan (Smart Touch 1.9) | O63: Smart Touch 1.9 | P63: Kodak Alaris Inc. ; modified using iTextSharp™ 5.5.5 ©2000-2014 iText Group NV (AGPL-version) | Q63: 2025-08-08 | R63: Có
A64: 63 | B64: X. Lao động – tiền lương | C64: 293/2025/NĐ-CP | D64: Nghị định | E64: Nghị định quy định mức lương tối thiểu đối với người lao động làm việc theo hợp đồng lao động | F64: ND293_2025.pdf | G64: raw/X. Lao dong - Tien luong | H64: PDF scan (chụp hình) | I64: 14 | J64: 11 | K64: Có file | L64: https://datafiles.chinhphu.vn/cpp/files/vbpq/2025/11/293-cp.signed.pdf | N64: Máy scan (Smart Touch 1.9) | O64: Smart Touch 1.9 | P64: Kodak Alaris Inc. ; modified using iTextSharp™ 5.5.5 ©2000-2014 iText Group NV (AGPL-version) | Q64: 2025-11-11 | R64: Có
A65: 64 | B65: X. Lao động – tiền lương | C65: 337/2025/NĐ-CP | D65: Nghị định | E65: Nghị định quy định về hợp đồng lao động điện tử | F65: ND337_2025.pdf | G65: raw/X. Lao dong - Tien luong | H65: PDF scan (chụp hình) | I65: 18 | J65: 8 | K65: Có file | L65: https://datafiles.chinhphu.vn/cpp/files/vbpq/2025/12/337-cp.signed.pdf | M65: Đã tải lại bản chính thức (chinhphu.vn). File Long gửi lúc đầu bị nhầm (bên trong là file đề bài của thầy) | N65: Máy scan (Smart Touch 1.9) | O65: Smart Touch 1.9 | P65: Kodak Alaris Inc. ; modified using iTextSharp™ 5.5.5 ©2000-2014 iText Group NV (AGPL-version) | Q65: 2025-12-25 | R65: Có
A66: 65 | B66: X. Lao động – tiền lương | C66: 338/2025/NĐ-CP | D66: Nghị định | E66: Nghị định quy định chi tiết một số điều của Luật Việc làm về chính sách hỗ trợ tạo việc làm | F66: ND338_2025.pdf | G66: raw/X. Lao dong - Tien luong | H66: PDF scan (chụp hình) | I66: 40 | J66: 4 | K66: Có file | L66: https://datafiles.chinhphu.vn/cpp/files/vbpq/2025/12/338-ndcp.signed.pdf | N66: Máy scan (Smart Touch 1.9) | O66: Smart Touch 1.9 | P66: Kodak Alaris Inc. ; modified using iTextSharp™ 5.5.5 ©2000-2014 iText Group NV (AGPL-version) | Q66: 2025-12-26 | R66: Có
A67: 66 | B67: X. Lao động – tiền lương | C67: 352/2025/NĐ-CP | D67: Nghị định | E67: Nghị định quy định chi tiết một số điều của Luật Việc làm về dịch vụ việc làm | F67: ND352_2025.pdf | G67: raw/X. Lao dong - Tien luong | H67: PDF scan (chụp hình) | I67: 55 | J67: 3 | K67: Có file | L67: https://datafiles.chinhphu.vn/cpp/files/vbpq/2026/01/352-nd.signed.pdf | N67: Máy scan (Smart Touch 1.9) | O67: Smart Touch 1.9 | P67: Kodak Alaris Inc. ; modified using iTextSharp™ 5.5.5 ©2000-2014 iText Group NV (AGPL-version) | Q67: 2026-01-05 | R67: Có
A68: 67 | B68: X. Lao động – tiền lương | C68: 374/2025/NĐ-CP | D68: Nghị định | E68: Nghị định quy định chi tiết một số điều của Luật Việc làm về bảo hiểm thất nghiệp | F68: ND374_2025.pdf | G68: raw/X. Lao dong - Tien luong | H68: PDF scan (chụp hình) | I68: 45 | J68: 3 | K68: Có file | L68: https://datafiles.chinhphu.vn/cpp/files/vbpq/2026/01/374-1.signed.pdf | N68: Máy scan (Smart Touch 1.9) | O68: Smart Touch 1.9 | P68: Kodak Alaris Inc. ; modified using iTextSharp™ 5.5.5 ©2000-2014 iText Group NV (AGPL-version) | Q68: 2026-01-09 | R68: Có

Sheet Tong hop
A1: Định dạng gốc | B1: Số văn bản | C1: Số trang
A2: PDF convert từ Word | B2: =COUNTIF('Danh muc van ban'!H2:H68,A2) -> 2 | C2: =SUMIF('Danh muc van ban'!H2:H68,A2,'Danh muc van ban'!I2:I68) -> 38
A3: PDF có text (xuất từ phần mềm khác) | B3: =COUNTIF('Danh muc van ban'!H2:H68,A3) -> 7 | C3: =SUMIF('Danh muc van ban'!H2:H68,A3,'Danh muc van ban'!I2:I68) -> 369
A4: PDF scan (chụp hình) | B4: =COUNTIF('Danh muc van ban'!H2:H68,A4) -> 57 | C4: =SUMIF('Danh muc van ban'!H2:H68,A4,'Danh muc van ban'!I2:I68) -> 3421
A5: Word gốc (.docx) | B5: =COUNTIF('Danh muc van ban'!H2:H68,A5) -> 0 | C5: =SUMIF('Danh muc van ban'!H2:H68,A5,'Danh muc van ban'!I2:I68) -> 0
A6: Word gốc (.doc) | B6: =COUNTIF('Danh muc van ban'!H2:H68,A6) -> 1 | C6: =SUMIF('Danh muc van ban'!H2:H68,A6,'Danh muc van ban'!I2:I68) -> 0
A7: Thiếu file | B7: =COUNTIF('Danh muc van ban'!K2:K68,"THIẾU FILE") -> 0
A8: Tổng số dòng danh mục | B8: =COUNTA('Danh muc van ban'!A2:A68) -> 67 | C8: =SUM(C2:C6) -> 3828
A10: Cách phân loại: trung bình < 200 ký tự chữ/trang -> PDF scan (chụp hình), phải OCR.
A11: Có text: nếu metadata Creator/Producer là Microsoft Word -> 'PDF convert từ Word', còn lại -> xuất từ phần mềm khác (vd Công báo).
A12: Metadata PDF scan ghi tên phần mềm máy scan (Kodak Smart Touch, HP Scan, IMIP Universal Scan...) -> xác nhận là bản chụp.
A13: Văn bản trùng (ND141/2026, TT152/2025) xuất hiện ở 2 nhóm nên được đếm 2 lần.

Sheet Thong ke token
A1: Document ID | B1: Số hiệu | C1: Loại VB | D1: Nguồn text | E1: Số trang | F1: Số Chương | G1: Số Mục | H1: Số Điều | I1: Số Khoản | J1: Số Điểm | K1: Số Phụ lục | L1: Có bảng | M1: Tổng token | N1: Token TB / Điều | O1: Token max / Điều | P1: P95 token / Điều | Q1: % Điều > 512 | R1: Token max / Khoản | S1: % Khoản > 512 | T1: Số unit độ tin cậy thấp | U1: Ngày ban hành | V1: Ngày hiệu lực | W1: Cảnh báo khi tách
A2: L108_2025_QH15 | B2: 108/2025/QH15 | C2: Luật | D2: OCR | E2: 65 | F2: 7 | G2: 9 | H2: 52 | I2: 265 | J2: 267 | K2: 0 | M2: 37489 | N2: 732 | O2: 3147 | P2: 2092 | Q2: 0.462 | R2: 1244 | S2: 0.049 | T2: 4 | U2: 2025-12-10 | V2: 2026-07-01 | W2: Điều 3: thiếu Khoản 1; Điều 12: thiếu Khoản 5; Chương OCR 'Chương H' -> suy ra Chương III
A3: ND252_2026 | B3: 252/2026/NĐ-CP | C3: Nghị định | D3: OCR | E3: 133 | F3: 5 | G3: 7 | H3: 76 | I3: 343 | J3: 533 | K3: 0 | M3: 78762 | N3: 1052 | O3: 2787 | P3: 2430 | Q3: 0.711 | R3: 1861 | S3: 0.082 | T3: 7 | U3: 2026-06-30 | V3: 2026-07-01 | W3: Điều 3: thiếu Khoản 6; Chương OCR '„ ChươngH i Ì' -> suy ra Chương II; Điều 10: thiếu Khoản 1
A4: ND255_2026 | B4: 255/2026/NĐ-CP | C4: Nghị định | D4: OCR | E4: 77 | F4: 4 | G4: 0 | H4: 23 | I4: 86 | J4: 97 | K4: 4 | L4: Có | M4: 39480 | N4: 909 | O4: 3344 | P4: 2863 | Q4: 0.696 | R4: 2676 | S4: 0.081 | T4: 4 | U4: 2026-06-30 | V4: 2026-07-01 | W4: Chương OCR 'Chương H' -> suy ra Chương II; Điều 6: thiếu Khoản 1; Điều 10: thiếu Khoản 1
A5: ND125_2020 | B5: 125/2020/NĐ-CP | C5: Nghị định | D5: OCR | E5: 87 | F5: 4 | G5: 2 | H5: 46 | I5: 187 | J5: 200 | K5: 12 | M5: 44325 | N5: 653 | O5: 7389 | P5: 1298 | Q5: 0.413 | R5: 4305 | S5: 0.037 | T5: 1 | U5: 2020-10-19 | V5: 2020-12-05 | W5: Chương OCR 'Chương H' -> suy ra Chương II; Nhảy từ Điều 28 sang Điều 30; Điều 30: thiếu Khoản 1
A6: ND310_2025 | B6: 310/2025/NĐ-CP | C6: Nghị định | D6: OCR | E6: 16 | F6: 0 | G6: 0 | H6: 4 | I6: 30 | J6: 19 | K6: 0 | M6: 9257 | N6: 2242 | O6: 8266 | P6: 7086 | Q6: 0.25 | R6: 1678 | S6: 0.167 | T6: 2 | U6: 2025-12-02 | V6: 2026-01-16 | W6: Điều 2: thiếu Khoản 2
A7: ND291_2026 | B7: 291/2026/NĐ-CP | C7: Nghị định | D7: OCR | E7: 3 | F7: 0 | G7: 1 | H7: 4 | I7: 6 | J7: 2 | K7: 0 | M7: 1103 | N7: 172 | O7: 438 | P7: 388 | Q7: 0 | R7: 184 | S7: 0 | T7: 0 | U7: 2026-07-21 | V7: 2026-07-21
A8: TT89_2026_BTC | B8: 89/2026/TT-BTC | C8: Thông tư | D8: OCR | E8: 839 | F8: 8 | G8: 6 | H8: 101 | I8: 358 | J8: 681 | K8: 352 | L8: Có | M8: 418722 | N8: 1233 | O8: 8225 | P8: 3612 | Q8: 0.673 | R8: 3086 | S8: 0.184 | T8: 6 | U8: 2026-06-30 | V8: 2026-07-01 | W8: Điều 15: thiếu Khoản 1; Điều 81: thiếu Khoản 1
A9: TT90_2026_BTC | B9: 90/2026/TT-BTC | C9: Thông tư | D9: OCR | E9: 196 | F9: 4 | G9: 10 | H9: 38 | I9: 143 | J9: 158 | K9: 44 | L9: Có | M9: 98146 | N9: 1216 | O9: 4437 | P9: 2814 | Q9: 0.658 | R9: 2813 | S9: 0.175 | T9: 3 | U9: 2026-06-30 | V9: 2026-07-01 | W9: Điều 23: thiếu Khoản 1; Điều 24: thiếu Khoản 2; Điều 38: thiếu Khoản 2
A10: ND254_2026 | B10: 254/2026/NĐ-CP | C10: Nghị định | D10: OCR | E10: 55 | F10: 4 | G10: 2 | H10: 45 | I10: 179 | J10: 155 | K10: 1 | M10: 31197 | N10: 589 | O10: 3327 | P10: 1347 | Q10: 0.356 | R10: 2962 | S10: 0.039 | T10: 2 | U10: 2026-06-30 | V10: 2026-07-01 | W10: Chương OCR '„ Chương H :' -> suy ra Chương II
A11: TT91_2026_BTC | B11: 91/2026/TT-BTC | C11: Thông tư | D11: OCR | E11: 97 | F11: 5 | G11: 0 | H11: 25 | I11: 77 | J11: 83 | K11: 28 | L11: Có | M11: 43564 | N11: 746 | O11: 3447 | P11: 2538 | Q11: 0.44 | R11: 1474 | S11: 0.104 | T11: 3 | U11: 2026-06-30 | V11: 2026-07-01 | W11: Điều 7: thiếu Khoản 2; Điều 8: thiếu Khoản 1; Chương OCR '! Ch1Ểoịng V' -> suy ra Chương V
A12: L48_2024_QH15 | B12: 48/2024/QH15 | C12: Luật | D12: Text | E12: 20 | F12: 4 | G12: 0 | H12: 18 | I12: 80 | J12: 85 | K12: 0 | M12: 10693 | N12: 603 | O12: 2389 | P12: 2161 | Q12: 0.333 | R12: 927 | S12: 0.05 | T12: 0 | U12: 2024-11-26 | V12: 2025-07-01
A13: L149_2025_QH15 | B13: 149/2025/QH15 | C13: Luật | D13: OCR | E13: 2 | F13: 0 | G13: 0 | H13: 2 | I13: 3 | J13: 2 | K13: 0 | M13: 664 | N13: 233 | O13: 406 | P13: 389 | Q13: 0 | R13: 291 | S13: 0 | T13: 1 | U13: 2025-12-11 | V13: 2026-01-01
A14: L09_2026_QH16 | B14: 09/2026/QH16 | C14: Luật | D14: OCR | E14: 2 | F14: 0 | G14: 0 | H14: 5 | I14: 2 | J14: 0 | K14: 0 | L14: Có | M14: 1260 | N14: 163 | O14: 315 | P14: 288 | Q14: 0 | R14: 72 | S14: 0 | T14: 0 | U14: 2026-04-24 | V14: 2026-04-24
A15: ND181_2025 | B15: 181/2025/NĐ-CP | C15: Nghị định | D15: OCR | E15: 75 | F15: 3 | G15: 4 | H15: 40 | I15: 129 | J15: 123 | K15: 4 | M15: 46270 | N15: 804 | O15: 3830 | P15: 2366 | Q15: 0.5 | R15: 3388 | S15: 0.047 | T15: 2 | U15: 2025-07-01 | V15: 2025-07-01 | W15: Điều 10: thiếu Khoản 1; Chương OCR ': Chương II c' -> suy ra Chương II; Chương OCR ': ChươngIV _' -> suy ra Chương III
A16: ND174_2025 | B16: 174/2025/NĐ-CP | C16: Nghị định | D16: OCR | E16: 56 | F16: 0 | G16: 0 | H16: 2 | I16: 10 | J16: 6 | K16: 5 | L16: Có | M16: 21588 | N16: 602 | O16: 954 | P16: 919 | Q16: 0.5 | R16: 279 | S16: 0 | T16: 0 | U16: 2025-06-30 | V16: 2025-07-01
A17: ND359_2025 | B17: 359/2025/NĐ-CP | C17: Nghị định | D17: OCR | E17: 3 | F17: 0 | G17: 0 | H17: 2 | I17: 5 | J17: 0 | K17: 0 | M17: 967 | N17: 340 | O17: 487 | P17: 472 | Q17: 0 | R17: 423 | S17: 0 | T17: 0 | U17: 2025-12-31 | V17: 2026-01-01
A18: ND144_2026 | B18: 144/2026/NĐ-CP | C18: Nghị định | D18: OCR | E18: 23 | F18: 0 | G18: 0 | H18: 6 | I18: 7 | J18: 0 | K18: 2 | M18: 13125 | N18: 222 | O18: 449 | P18: 419 | Q18: 0 | R18: 213 | S18: 0 | T18: 0 | U18: 2026-05-05 | V18: 2026-06-20
A19: TT69_2025_BTC | B19: 69/2025/TT-BTC | C19: Thông tư | D19: OCR | E19: 21 | F19: 0 | G19: 0 | H19: 10 | I19: 21 | J19: 45 | K19: 3 | M19: 12736 | N19: 816 | O19: 4221 | P19: 3098 | Q19: 0.3 | R19: 888 | S19: 0.333 | T19: 2 | U19: 2025-07-01 | V19: 2025-07-01 | W19: Điều 4: thiếu Khoản 1
A20: TT77_2025_BTC | B20: 77/2025/TT-BTC | C20: Thông tư | D20: OCR | E20: 3 | F20: 0 | G20: 0 | H20: 5 | I20: 13 | J20: 0 | K20: 0 | M20: 1053 | N20: 137 | O20: 379 | P20: 321 | Q20: 0 | R20: 227 | S20: 0 | T20: 0 | U20: 2025-07-30 | V20: 2025-07-30
A21: TT101_2025_BNNMT | B21: 101/2025/TT-BNNMT | C21: Thông tư | D21: Text | E21: 5 | F21: 0 | G21: 0 | H21: 4 | I21: 7 | J21: 0 | K21: 1 | L21: Có | M21: 2069 | N21: 110 | O21: 171 | P21: 160 | Q21: 0 | R21: 83 | S21: 0 | T21: 0 | U21: 2025-12-31 | V21: 2025-12-31
A22: L109_2025_QH15 | B22: 109/2025/QH15 | C22: Luật | D22: OCR | E22: 15 | F22: 4 | G22: 0 | H22: 29 | I22: 111 | J22: 54 | K22: 0 | M22: 7235 | N22: 253 | O22: 1006 | P22: 797 | Q22: 0.103 | R22: 288 | S22: 0 | T22: 0 | U22: 2025-12-10 | V22: 2026-07-01
A23: ND253_2026 | B23: 253/2026/NĐ-CP | C23: Nghị định | D23: OCR | E23: 61 | F23: 5 | G23: 5 | H23: 70 | I23: 227 | J23: 133 | K23: 1 | L23: Có | M23: 34003 | N23: 474 | O23: 3261 | P23: 1305 | Q23: 0.329 | R23: 1528 | S23: 0.04 | T23: 1 | U23: 2026-06-30 | V23: 2026-07-01 | W23: Điều 3: thiếu Khoản 1; Chương OCR 'Chương Y' -> suy ra Chương III; Nhảy từ Điều 28 sang Điều 30
A24: TT87_2026_BTC | B24: 87/2026/TT-BTC | C24: Thông tư | D24: OCR | E24: 6 | F24: 0 | G24: 0 | H24: 6 | I24: 21 | J24: 14 | K24: 0 | M24: 3450 | N24: 496 | O24: 1491 | P24: 1308 | Q24: 0.333 | R24: 547 | S24: 0.048 | T24: 0 | U24: 2026-06-30 | V24: 2026-07-01
A25: L67_2025_QH15 | B25: 67/2025/QH15 | C25: Luật | D25: OCR | E25: 21 | F25: 2 | G25: 0 | H25: 20 | I25: 81 | J25: 80 | K25: 0 | M25: 11934 | N25: 599 | O25: 1849 | P25: 1630 | Q25: 0.45 | R25: 1269 | S25: 0.037 | T25: 4 | U25: 2025-06-14 | V25: 2025-10-01 | W25: Điều 3: thiếu Khoản 5; Điều 4: thiếu Khoản 1; Chương OCR 'Chương H' -> suy ra Chương I
A26: ND320_2025 | B26: 320/2025/NĐ-CP | C26: Nghị định | D26: OCR | E26: 76 | F26: 2 | G26: 0 | H26: 26 | I26: 137 | J26: 211 | K26: 0 | M26: 45224 | N26: 1751 | O26: 8408 | P26: 4070 | Q26: 0.731 | R26: 3194 | S26: 0.153 | T26: 2 | U26: 2025-12-15 | V26: 2025-12-15 | W26: Chương OCR 'Chương IV i :' -> suy ra Chương II; Điều 25: thiếu Khoản 3
A27: ND20_2026 | B27: 20/2026/NĐ-CP | C27: Nghị định | D27: OCR | E27: 23 | F27: 5 | G27: 0 | H27: 17 | I27: 61 | J27: 51 | K27: 1 | L27: Có | M27: 11340 | N27: 533 | O27: 2194 | P27: 1467 | Q27: 0.294 | R27: 502 | S27: 0 | T27: 2 | U27: 2026-01-15 | V27: 2026-01-15 | W27: Điều 3: thiếu Khoản 1
A28: ND141_2026 | B28: 141/2026/NĐ-CP | C28: Nghị định | D28: OCR | E28: 4 | F28: 0 | G28: 0 | H28: 5 | I28: 5 | J28: 4 | K28: 0 | M28: 2266 | N28: 336 | O28: 513 | P28: 508 | Q28: 0.2 | R28: 380 | S28: 0 | T28: 0 | U28: 2026-04-29 | V28: 2026-01-01
A29: ND245_2026 | B29: 245/2026/NĐ-CP | C29: Nghị định | D29: OCR | E29: 11 | F29: 0 | G29: 0 | H29: 5 | I29: 17 | J29: 10 | K29: 0 | M29: 5327 | N29: 1023 | O29: 2888 | P29: 2504 | Q29: 0.6 | R29: 2416 | S29: 0.059 | T29: 0 | U29: 2026-06-27 | V29: 2026-06-27
A30: TT20_2026_BTC | B30: 20/2026/TT-BTC | C30: Thông tư | D30: OCR | E30: 22 | F30: 0 | G30: 0 | H30: 10 | I30: 40 | J30: 80 | K30: 2 | M30: 13636 | N30: 1248 | O30: 4576 | P30: 4529 | Q30: 0.3 | R30: 1596 | S30: 0.2 | T30: 3 | U30: 2026-03-12 | V30: 2026-03-12 | W30: Điều 1: thiếu Khoản 1; Điều 1: thiếu Khoản 3; Điều 3: thiếu Khoản 11
A31: ND68_2026 | B31: 68/2026/NĐ-CP | C31: Nghị định | D31: OCR | E31: 19 | F31: 2 | G31: 0 | H31: 19 | I31: 62 | J31: 60 | K31: 0 | M31: 11043 | N31: 576 | O31: 2724 | P31: 1253 | Q31: 0.474 | R31: 823 | S31: 0.048 | T31: 0 | U31: 2026-03-05 | V31: 2026-03-05 | W31: Chương OCR '“Chương H' -> suy ra Chương II
A32: TT152_2025_BTC | B32: 152/2025/TT-BTC | C32: Thông tư | D32: OCR | E32: 14 | F32: 4 | G32: 3 | H32: 8 | I32: 20 | J32: 10 | K32: 0 | L32: Có | M32: 5835 | N32: 675 | O32: 2751 | P32: 2063 | Q32: 0.375 | R32: 2289 | S32: 0.05 | T32: 0 | U32: 2025-12-31 | V32: 2026-01-01 | W32: Chương OCR 'Chứng từ' -> suy ra Chương IV; Chương OCR 'Chứng từ' -> suy ra Chương V; Chương OCR 'Chứng từ' -> suy ra Chương VI
A33: TT18_2026_BTC | B33: 18/2026/TT-BTC | C33: Thông tư | D33: OCR | E33: 44 | F33: 0 | G33: 0 | H33: 9 | I33: 20 | J33: 6 | K33: 21 | L33: Có | M33: 17056 | N33: 275 | O33: 1070 | P33: 759 | Q33: 0.111 | R33: 568 | S33: 0.05 | T33: 0 | U33: 2026-03-05 | V33: 2026-03-05
A34: TT50_2026_BTC | B34: 50/2026/TT-BTC | C34: Thông tư | D34: OCR | E34: 20 | F34: 0 | G34: 0 | H34: 4 | I34: 3 | J34: 0 | K34: 6 | L34: Có | M34: 7489 | N34: 134 | O34: 189 | P34: 181 | Q34: 0 | R34: 118 | S34: 0 | T34: 0 | U34: 2026-05-13 | V34: 2026-05-13
A35: L59_2020_QH14 | B35: 59/2020/QH14 | C35: Luật | D35: OCR | E35: 141 | F35: 8 | G35: 2 | H35: 216 | I35: 860 | J35: 547 | K35: 0 | M35: 83481 | N35: 395 | O35: 1838 | P35: 852 | Q35: 0.218 | R35: 659 | S35: 0.001 | T35: 36 | U35: 2020-06-17 | V35: 2021-01-01 | W35: Điều 4: thiếu Khoản 11; Điều 5: thiếu Khoản 1; Điều 14: thiếu Khoản 1
A36: L03_2022_QH15 | B36: 03/2022/QH15 | C36: Luật | D36: Text | E36: 15 | F36: 0 | G36: 0 | H36: 11 | I36: 28 | J36: 7 | K36: 0 | L36: Có | M36: 6752 | N36: 565 | O36: 1883 | P36: 1424 | Q36: 0.455 | R36: 1075 | S36: 0.036 | T36: 0 | U36: 2022-01-11 | V36: 2022-03-01
A37: L76_2025_QH15 | B37: 76/2025/QH15 | C37: Luật | D37: OCR | E37: 7 | F37: 0 | G37: 0 | H37: 3 | I37: 29 | J37: 19 | K37: 0 | M37: 4062 | N37: 1279 | O37: 3571 | P37: 3238 | Q37: 0.333 | R37: 463 | S37: 0 | T37: 1 | U37: 2025-06-17 | V37: 2025-07-01 | W37: Điều 1: thiếu Khoản 2
A38: ND168_2025 | B38: 168/2025/NĐ-CP | C38: Nghị định | D38: OCR | E38: 122 | F38: 7 | G38: 0 | H38: 120 | I38: 479 | J38: 299 | K38: 0 | M38: 69777 | N38: 587 | O38: 2602 | P38: 1735 | Q38: 0.417 | R38: 1478 | S38: 0.023 | T38: 10 | U38: 2025-06-30 | V38: 2025-07-01 | W38: Điều 3: thiếu Khoản 5; Điều 10: thiếu Khoản 1; Điều 20: thiếu Khoản 1
A39: ND296_2026 | B39: 296/2026/NĐ-CP | C39: Nghị định | D39: OCR | E39: 14 | F39: 0 | G39: 0 | H39: 22 | I39: 44 | J39: 15 | K39: 0 | M39: 8003 | N39: 355 | O39: 776 | P39: 771 | Q39: 0.273 | R39: 630 | S39: 0.068 | T39: 1 | U39: 2026-07-23 | V39: 2026-07-23 | W39: Điều 19: thiếu Khoản 4
A40: TT68_2025_BTC | B40: 68/2025/TT-BTC | C40: Thông tư | D40: OCR | E40: 266 | F40: 0 | G40: 0 | H40: 3 | I40: 8 | J40: 2 | K40: 165 | L40: Có | M40: 123406 | N40: 141 | O40: 284 | P40: 263 | Q40: 0 | R40: 122 | S40: 0 | T40: 5 | U40: 2025-07-01 | V40: 2025-07-01
A41: TT99_2025_BTC | B41: 99/2025/TT-BTC | C41: Thông tư | D41: Text | E41: 74 | F41: 6 | G41: 0 | H41: 31 | I41: 96 | J41: 52 | K41: 0 | L41: Có | M41: 27784 | N41: 893 | O41: 11260 | P41: 2940 | Q41: 0.226 | R41: 10723 | S41: 0.062 | T41: 0 | U41: 2025-10-27 | V41: 2026-01-01 | W41: Chương OCR 'TÊN CHỨNG TỪ' -> suy ra Chương VII; Chương OCR 'TÊN CHỨNG TỪ' -> suy ra Chương VIII; Chương OCR 'Chúng tôi gồm:' -> suy ra Chương IX
A42: TT58_2026_BTC | B42: 58/2026/TT-BTC | C42: Thông tư | D42: Text | E42: 33 | F42: 4 | G42: 0 | H42: 10 | I42: 23 | J42: 20 | K42: 1 | L42: Có | M42: 15095 | N42: 1188 | O42: 4601 | P42: 3964 | Q42: 0.5 | R42: 3077 | S42: 0.174 | T42: 0 | U42: 2026-05-25 | V42: 2026-07-01 | W42: Chương OCR 'Chứng từ' -> suy ra Chương III; Chương OCR 'Chứng từ' -> suy ra Chương IV; Chương OCR 'Chứng từ' -> suy ra Chương V
A43: TT71_2024_BTC | B43: 71/2024/TT-BTC | C43: Thông tư | D43: Text | E43: 92 | F43: 3 | G43: 0 | H43: 8 | I43: 30 | J43: 27 | K43: 0 | L43: Có | M43: 38604 | N43: 4808 | O43: 35264 | P43: 23622 | Q43: 0.25 | R43: 17420 | S43: 0.167 | T43: 0 | U43: 2024-10-07 | V43: 2024-10-07
A44: TT133_2016_BTC | B44: 133/2016/TT-BTC | C44: Thông tư | D44: Text | F44: 5 | G44: 3 | H44: 93 | I44: 255 | J44: 328 | K44: 0 | L44: Có | M44: 116160 | N44: 1257 | O44: 29443 | P44: 2891 | Q44: 0.656 | R44: 29355 | S44: 0.169 | T44: 0 | U44: 2016-08-26 | V44: 2017-01-01
A45: L41_2024_QH15 | B45: 41/2024/QH15 | C45: Luật | D45: Text | E45: 88 | F45: 11 | G45: 13 | H45: 141 | I45: 543 | J45: 359 | K45: 0 | M45: 44462 | N45: 324 | O45: 1800 | P45: 872 | Q45: 0.142 | R45: 625 | S45: 0.004 | T45: 0 | U45: 2024-06-29 | V45: 2025-07-01
A46: ND274_2025 | B46: 274/2025/NĐ-CP | C46: Nghị định | D46: OCR | E46: 14 | F46: 4 | G46: 0 | H46: 16 | I46: 35 | J46: 39 | K46: 1 | M46: 7304 | N46: 422 | O46: 1161 | P46: 1152 | Q46: 0.312 | R46: 567 | S46: 0.114 | T46: 0 | U46: 2025-10-16 | V46: 2025-11-30 | W46: Chương OCR 'Chương H' -> suy ra Chương II; Chương OCR 'ChươngTH IC' -> suy ra Chương III; Chương OCR ': ChươngIV _' -> suy ra Chương IV
A47: ND158_2025 | B47: 158/2025/NĐ-CP | C47: Nghị định | D47: OCR | E47: 52 | F47: 6 | G47: 2 | H47: 43 | I47: 127 | J47: 148 | K47: 5 | M47: 29638 | N47: 648 | O47: 2297 | P47: 1581 | Q47: 0.465 | R47: 818 | S47: 0.079 | T47: 2 | U47: 2025-06-25 | V47: 2025-07-01 | W47: Chương OCR ': i Chươngll - |' -> suy ra Chương II; Điều 7: thiếu Khoản 4; Chương OCR 'Chương V ì' -> suy ra Chương V
A48: ND159_2025 | B48: 159/2025/NĐ-CP | C48: Nghị định | D48: OCR | E48: 17 | F48: 0 | G48: 0 | H48: 18 | I48: 70 | J48: 29 | K48: 0 | M48: 8292 | N48: 454 | O48: 1496 | P48: 1072 | Q48: 0.278 | R48: 352 | S48: 0 | T48: 1 | U48: 2025-06-25 | V48: 2025-07-01 | W48: Điều 11: thiếu Khoản 5
A49: ND176_2025 | B49: 176/2025/NĐ-CP | C49: Nghị định | D49: OCR | E49: 10 | F49: 0 | G49: 0 | H49: 8 | I49: 16 | J49: 12 | K49: 2 | M49: 3727 | N49: 268 | O49: 616 | P49: 598 | Q49: 0.25 | R49: 536 | S49: 0.062 | T49: 0 | U49: 2025-06-30 | V49: 2025-07-01
A50: TT12_2025_BNV | B50: 12/2025/TT-BNV | C50: Thông tư | D50: OCR | E50: 20 | F50: 2 | G50: 4 | H50: 21 | I50: 65 | J50: 48 | K50: 0 | M50: 9825 | N50: 463 | O50: 1441 | P50: 1258 | Q50: 0.286 | R50: 585 | S50: 0.046 | T50: 0 | U50: 2025-06-30 | V50: 2025-07-01 | W50: Chương OCR 'Chương HI' -> suy ra Chương II
A51: TT11_2025_BNV | B51: 11/2025/TT-BNV | C51: Thông tư | D51: OCR | E51: 4 | F51: 0 | G51: 0 | H51: 7 | I51: 19 | J51: 0 | K51: 0 | M51: 1601 | N51: 195 | O51: 687 | P51: 553 | Q51: 0.143 | R51: 127 | S51: 0 | T51: 0 | U51: 2025-06-30 | V51: 2025-07-01
A52: TT25_2025_BYT | B52: 25/2025/TT-BYT | C52: Thông tư | D52: Text | E52: 55 | F52: 5 | G52: 3 | H52: 31 | I52: 84 | J52: 73 | K52: 15 | M52: 24963 | N52: 234 | O52: 1257 | P52: 468 | Q52: 0.032 | R52: 535 | S52: 0.012 | T52: 0 | U52: 2025-06-30 | V52: 2025-07-01 | W52: Chương OCR 'Chương này.' -> suy ra Chương III
A53: TT60_2025_BYT | B53: 60/2025/TT-BYT | C53: Thông tư | D53: OCR | E53: 7 | F53: 0 | G53: 0 | H53: 9 | I53: 54 | J53: 11 | K53: 0 | M53: 3715 | N53: 384 | O53: 1510 | P53: 1199 | Q53: 0.222 | R53: 182 | S53: 0 | T53: 3 | U53: 2025-12-31 | V53: 2026-02-15 | W53: Điều 2: thiếu Khoản 3; Điều 6: thiếu Khoản 2
A54: L45_2019_QH14 | B54: 45/2019/QH14 | C54: Bộ luật | D54: OCR | E54: 83 | F54: 13 | G54: 20 | H54: 215 | I54: 604 | J54: 180 | K54: 0 | M54: 49022 | N54: 232 | O54: 2023 | P54: 496 | Q54: 0.042 | R54: 1266 | S54: 0.003 | T54: 17 | U54: 2019-11-20 | V54: 2021-01-01 | W54: Điều 4: thiếu Khoản 5; Chương OCR 'Chương H' -> suy ra Chương II; Nhảy từ Điều 8 sang Điều 10
A55: L84_2015_QH13 | B55: 84/2015/QH13 | C55: Luật | D55: OCR | E55: 59 | F55: 5 | G55: 4 | H55: 93 | I55: 349 | J55: 169 | K55: 0 | M55: 35986 | N55: 393 | O55: 2437 | P55: 886 | Q55: 0.237 | R55: 769 | S55: 0.006 | T55: 7 | U55: 2015-06-25 | V55: 2016-07-01 | W55: Chương OCR 'CHƯƠNG1' -> suy ra Chương I; Điều 7: thiếu Khoản 1; Chương OCR ': - CHƯƠNGI , :' -> suy ra Chương II
A56: L74_2025_QH15 | B56: 74/2025/QH15 | C56: Luật | D56: OCR | E56: 26 | F56: 5 | G56: 7 | H56: 54 | I56: 195 | J56: 118 | K56: 0 | M56: 14323 | N56: 269 | O56: 895 | P56: 644 | Q56: 0.111 | R56: 383 | S56: 0 | T56: 3 | U56: 2025-06-16 | V56: 2026-01-01 | W56: Chương OCR 'Chương H' -> suy ra Chương I; Chương OCR 'Chương HI' -> suy ra Chương II; Điều 24: thiếu Khoản 5
A57: L50_2024_QH15 | B57: 50/2024/QH15 | C57: Luật | D57: Text | E57: 25 | F57: 6 | G57: 2 | H57: 37 | I57: 159 | J57: 82 | K57: 0 | M57: 12197 | N57: 336 | O57: 1058 | P57: 961 | Q57: 0.162 | R57: 614 | S57: 0.006 | T57: 0 | U57: 2024-11-27 | V57: 2025-07-01
A58: ND145_2020 | B58: 145/2020/NĐ-CP | C58: Nghị định | D58: OCR | E58: 122 | F58: 10 | G58: 15 | H58: 115 | I58: 362 | J58: 356 | K58: 29 | L58: Có | M58: 61441 | N58: 425 | O58: 2228 | P58: 1039 | Q58: 0.278 | R58: 1034 | S58: 0.028 | T58: 6 | U58: 2020-12-14 | V58: 2021-02-01 | W58: Chương OCR '„ Chương H' -> suy ra Chương II; Điều 10: thiếu Khoản 3; Điều 59: thiếu Khoản 1
A59: ND88_2020 | B59: 88/2020/NĐ-CP | C59: Nghị định | D59: OCR | E59: 60 | F59: 5 | G59: 5 | H59: 47 | I59: 150 | J59: 65 | K59: 24 | L59: Có | M59: 27020 | N59: 309 | O59: 1608 | P59: 981 | Q59: 0.128 | R59: 771 | S59: 0.013 | T59: 3 | U59: 2020-07-28 | V59: 2020-09-15 | W59: Điều 2: thiếu Khoản 2; Điều 40: thiếu Khoản 5
A60: ND39_2016 | B60: 39/2016/NĐ-CP | C60: Nghị định | D60: OCR | E60: 84 | F60: 5 | G60: 5 | H60: 47 | I60: 185 | J60: 205 | K60: 17 | L60: Có | M60: 38427 | N60: 576 | O60: 3682 | P60: 1589 | Q60: 0.426 | R60: 2548 | S60: 0.016 | T60: 6 | U60: 2016-05-15 | V60: 2016-07-01 | W60: Điều 2: thiếu Khoản 1; Điều 5: thiếu Khoản 1; Nhảy từ Điều 6 sang Điều 8
A61: ND219_2025 | B61: 219/2025/NĐ-CP | C61: Nghị định | D61: OCR | E61: 34 | F61: 5 | G61: 4 | H61: 35 | I61: 118 | J61: 73 | K61: 2 | M61: 17917 | N61: 369 | O61: 1250 | P61: 991 | Q61: 0.257 | R61: 682 | S61: 0.017 | T61: 4 | U61: 2025-08-07 | V61: 2025-08-07 | W61: Điều 9: thiếu Khoản 1; Điều 13: thiếu Khoản 1; Nhảy từ Điều 20 sang Điều 22
A62: ND293_2025 | B62: 293/2025/NĐ-CP | C62: Nghị định | D62: OCR | E62: 14 | F62: 0 | G62: 0 | H62: 5 | I62: 13 | J62: 9 | K62: 1 | M62: 9248 | N62: 341 | O62: 618 | P62: 588 | Q62: 0.2 | R62: 314 | S62: 0 | T62: 1 | U62: 2025-11-10 | V62: 2026-01-01 | W62: Điều 5: thiếu Khoản 3
A63: ND337_2025 | B63: 337/2025/NĐ-CP | C63: Nghị định | D63: OCR | E63: 18 | F63: 5 | G63: 0 | H63: 30 | I63: 90 | J63: 47 | K63: 0 | M63: 9177 | N63: 301 | O63: 1261 | P63: 837 | Q63: 0.133 | R63: 509 | S63: 0 | T63: 4 | U63: 2025-12-24 | V63: 2026-01-01 | W63: Điều 2: thiếu Khoản 1; Điều 3: thiếu Khoản 8; Chương OCR ': Ñ Chương H :' -> suy ra Chương II
A64: ND338_2025 | B64: 338/2025/NĐ-CP | C64: Nghị định | D64: OCR | E64: 40 | F64: 7 | G64: 0 | H64: 36 | I64: 102 | J64: 67 | K64: 20 | L64: Có | M64: 18907 | N64: 322 | O64: 1421 | P64: 948 | Q64: 0.167 | R64: 710 | S64: 0.01 | T64: 3 | U64: 2025-12-25 | V64: 2026-01-01 | W64: Chương OCR ', : ChươngIII Ñ x' -> suy ra Chương III; Điều 17: thiếu Khoản 2; Điều 25: thiếu Khoản 1
A65: ND352_2025 | B65: 352/2025/NĐ-CP | C65: Nghị định | D65: OCR | E65: 55 | F65: 2 | G65: 0 | H65: 28 | I65: 97 | J65: 78 | K65: 23 | L65: Có | M65: 22683 | N65: 367 | O65: 1066 | P65: 955 | Q65: 0.214 | R65: 533 | S65: 0.01 | T65: 2 | U65: 2025-12-30 | V65: 2025-12-30 | W65: Chương OCR 'Ñ Chương]l - \' -> suy ra Chương II; Điều 13: thiếu Khoản 1; Nhảy từ Điều 26 sang Điều 28
A66: ND374_2025 | B66: 374/2025/NĐ-CP | C66: Nghị định | D66: OCR | E66: 45 | F66: 7 | G66: 0 | H66: 46 | I66: 229 | J66: 66 | K66: 0 | M66: 25711 | N66: 562 | O66: 2451 | P66: 1708 | Q66: 0.413 | R66: 1261 | S66: 0.022 | T66: 3 | U66: 2025-12-31 | V66: 2026-01-01 | W66: Chương OCR '„ Chương H \' -> suy ra Chương II; Điều 9: thiếu Khoản 1; Điều 30: thiếu Khoản 6
A67: TỔNG CỘNG | E67: =SUM(E2:E66) -> 3810 | F67: =SUM(F2:F66) -> 208 | G67: =SUM(G2:G66) -> 138 | H67: =SUM(H2:H66) -> 2335 | I67: =SUM(I2:I66) -> 8274 | J67: =SUM(J2:J66) -> 6719 | K67: =SUM(K2:K66) -> 792 | M67: =SUM(M2:M66) -> 2057018 | N67: 581 | O67: 35264 | P67: 1848 | Q67: 0.316 | R67: 29355 | S67: 0.043 | T67: =SUM(T2:T66) -> 167
A69: Token đếm bằng tokenizer: sentencepiece (cùng bộ từ vựng bge-m3). Token của Điều/Khoản = toàn văn kể cả Khoản/Điểm con.
A70: Dòng TỔNG CỘNG: các cột TB / max / P95 / % tính trên toàn bộ Điều, Khoản của mọi văn bản (do script tính).
A71: Ngày ban hành / hiệu lực được trích tự động bằng regex, cần kiểm tra lại với văn bản gốc.

Sheet Phan bo token
A1: Khoảng token | B1: Số Điều | C1: % Điều | D1: Số Khoản | E1: % Khoản
A2: 1–128 | B2: 358 | C2: =B2/SUM(B$2:B$8) -> 0.15331906 | D2: 5798 | E2: =D2/SUM(D$2:D$8) -> 0.70074934
A3: 129–256 | B3: 557 | C3: =B3/SUM(B$2:B$8) -> 0.2385439 | D3: 1435 | E3: =D3/SUM(D$2:D$8) -> 0.17343486
A4: 257–512 | B4: 683 | C4: =B4/SUM(B$2:B$8) -> 0.29250535 | D4: 686 | E4: =D4/SUM(D$2:D$8) -> 0.082910321
A5: 513–1024 | B5: 442 | C5: =B5/SUM(B$2:B$8) -> 0.18929336 | D5: 244 | E5: =D5/SUM(D$2:D$8) -> 0.029489969
A6: 1025–2048 | B6: 199 | C6: =B6/SUM(B$2:B$8) -> 0.085224839 | D6: 82 | E6: =D6/SUM(D$2:D$8) -> 0.0099105632
A7: 2049–4096 | B7: 79 | C7: =B7/SUM(B$2:B$8) -> 0.033832976 | D7: 23 | E7: =D7/SUM(D$2:D$8) -> 0.0027797921
A8: > 4096 | B8: 17 | C8: =B8/SUM(B$2:B$8) -> 0.0072805139 | D8: 6 | E8: =D8/SUM(D$2:D$8) -> 0.00072516316
A9: Tổng | B9: =SUM(B2:B8) -> 2335 | D9: =SUM(D2:D8) -> 8274
A11: Thống kê | B11: Điều | D11: Khoản
A12: Trung bình | B12: 581 | D12: 152
A13: Trung vị (P50) | B13: 333 | D13: 75
A14: P90 | B14: 1194 | D14: 300
A15: P95 | B15: 1848 | D15: 463
A16: Lớn nhất | B16: 35264 | D16: 29355

Sheet Metadata van ban
A1: Document ID | B1: Số hiệu | C1: Loại VB | D1: Tên văn bản (trích từ văn bản) | E1: Cơ quan ban hành | F1: Ngày ban hành | G1: Nguồn ngày ban hành | H1: Ngày hiệu lực | I1: Nguồn ngày hiệu lực | J1: Câu làm bằng chứng hiệu lực | K1: Trạng thái | L1: Sửa đổi VB | M1: Thay thế VB | N1: Hướng dẫn VB | O1: Bị sửa đổi bởi | P1: Bị thay thế bởi | Q1: Được hướng dẫn bởi | R1: Định dạng gốc | S1: Cách lấy text | T1: OCR engine | U1: OCR DPI | V1: OCR độ tin cậy TB (0-100) | W1: OCR % từ tin cậy thấp (<60) | X1: Thời gian xử lý (giây)
A2: L108_2025_QH15 | B2: 108/2025/QH15 | C2: Luật | D2: Luật Quản lý thuế | E2: Quốc hội | F2: 2025-12-10 | G2: đối chiếu bản gốc: Trang 65 bản gốc: "Luật này được Quốc hội ... thông qua ngày 10 tháng 12 năm 2025" | H2: 2026-07-01 | I2: đối chiếu bản gốc: Trang 65 bản gốc, Điều 52 khoản 1: hiệu lực từ 01/7/2026 (Điều 13, Điều 26 hiệu lực từ 01/01/2026) | J2: khoán thi hành Ị 1. Luật này có hiệu lưc thi ủmh từ ngày 01 tháng 7 năm 2026 | K2: active | M2: 38/2019/QH14 | Q2: 252/2026/NĐ-CP, 255/2026/NĐ-CP, 89/2026/TT-BTC, 254/2026/NĐ-CP, 91/2026/TT-BTC | R2: PDF scan (chụp hình) | S2: OCR | T2: Tesseract 5 (LSTM), ngôn ngữ vie | U2: 200 | V2: 89.9 | W2: 0.0292 | X2: 135
A3: ND252_2026 | B3: 252/2026/NĐ-CP | C3: Nghị định | D3: NGHỊ ĐỊNH Quy định chỉ tiết một số điều và biện pháp đễ to chuc, hướng dẫn thi hành Luật Quản lý thuế | E3: Chính phủ | F3: 2026-06-30 | G3: đối chiếu trang 1 bản gốc | H3: 2026-07-01 | I3: tự động (regex) | J3: G 132>>> 132 1. Nghị định này có hiệu lực thi hành kề từ ngày 01 tháng 7 năm 2026 | K3: active | M3: 126/2020/NĐ-CP | N3: 108/2025/QH15 | Q3: 89/2026/TT-BTC | R3: PDF scan (chụp hình) | S3: OCR | T3: Tesseract 5 (LSTM), ngôn ngữ vie | U3: 200 | V3: 90.1 | W3: 0.0257 | X3: 285
A4: ND255_2026 | B4: 255/2026/NĐ-CP | C4: Nghị định | D4: NGHỊ ĐỊNH Quy định về quản lý thuế đối với các giao dịch liên kết của những doanh nghiệp có quan hệ liên kết | E4: Chính phủ | F4: 2026-06-30 | G4: đối chiếu trang 1 bản gốc | H4: 2026-07-01 | I4: tự động (regex) | J4: lực thi hành Ì. Nghị định này có hiệu lực thi hành từ ngày 01 tháng 7 năm 2026 | K4: active | M4: 132/2020/NĐ-CP | N4: 108/2025/QH15 | R4: PDF scan (chụp hình) | S4: OCR | T4: Tesseract 5 (LSTM), ngôn ngữ vie | U4: 200 | V4: 88.5 | W4: 0.0462 | X4: 142
A5: ND125_2020 | B5: 125/2020/NĐ-CP | C5: Nghị định | D5: NGHỊ ĐỊNH Căn cứ Luật Tổ chức Chính phủ ngày 19 tháng 6 năm 2015; | E5: Chính phủ | F5: 2020-10-19 | G5: đối chiếu trang 1 bản gốc | H5: 2020-12-05 | I5: tự động (regex) | J5: lực thi hành 1. Nghị định này có hiệu lực thị hành từ ngày 05 tháng 12 năm 2020 | K5: active | O5: 310/2025/NĐ-CP, 291/2026/NĐ-CP | R5: PDF scan (chụp hình) | S5: OCR | T5: Tesseract 5 (LSTM), ngôn ngữ vie | U5: 200 | V5: 83.3 | W5: 0.1116 | X5: 162
A6: ND310_2025 | B6: 310/2025/NĐ-CP | C6: Nghị định | D6: NGHỊ ĐỊNH Sửa đồi, bồ sung một số điều của Nghị định số 125/2020/NĐ-CP vx Điện TỪ HÍMAPH) Ì1gzìy 19 tháng 10 năm 2020 của Chmh phu quy định xử phạt vi phạm hành chính về thuế, hóa đơn mìuewms M.ụe | E6: Chính phủ | F6: 2025-12-02 | G6: đối chiếu trang 1 bản gốc | H6: 2026-01-16 | I6: tự động (regex) | J6: iệm thi hành 1. Nghị định này có hiệu lực thì hành từ ngày 16 tháng 01 năm 2026 | K6: active | L6: 125/2020/NĐ-CP | O6: 291/2026/NĐ-CP | R6: PDF scan (chụp hình) | S6: OCR | T6: Tesseract 5 (LSTM), ngôn ngữ vie | U6: 200 | V6: 89.6 | W6: 0.0317 | X6: 32
A7: ND291_2026 | B7: 291/2026/NĐ-CP | C7: Nghị định | D7: NGHỊ ĐỊNH Sửa đổi, bố sung một số điều của Nghị định số 125/2020/NĐ-CP ngày 19 tháng 10 năm 2020 của Chính phủ quy định xử phạt vi phạm hành chính về thuế, hóa đơn được sửa đổi, bồ sung bởi Nghị định số 102/2021/NĐ-CP ngày 16 tháng 11 năm 2021 của Chính phủ và Nghị định số 310/2025/NĐ-CP ngày 02 tháng 12 năm 2025 của Chính phủ | E7: Chính phủ | F7: 2026-07-21 | G7: đối chiếu trang 1 bản gốc | H7: 2026-07-21 | I7: tự động (regex) | J7: oản thi hành 1. Nghị định này có hiệu lực thi hành kể từ ngày ký | K7: active | L7: 125/2020/NĐ-CP, 102/2021/NĐ-CP, 310/2025/NĐ-CP | R7: PDF scan (chụp hình) | S7: OCR | T7: Tesseract 5 (LSTM), ngôn ngữ vie | U7: 200 | V7: 88.9 | W7: 0.0429 | X7: 5
A8: TT89_2026_BTC | B8: 89/2026/TT-BTC | C8: Thông tư | D8: THÔNG TƯ Quy định chỉ tiết một số điều của Luật Quản lý thuế và Nghị định số 252/2026/NĐ-CP của Chính phủ quy định chỉ tiết một số điều và biện pháp để tổ chức, hướng dẫn thi hành Luật Quản lý thuế | E8: Bộ Tài chính | F8: 2026-06-30 | G8: đối chiếu trang 1 bản gốc | H8: 2026-07-01 | I8: tự động (regex) | J8: lực thi hành 1. Thông tư này có hiệu lực thi hành từ ngày 01 tháng 7 năm 2026 | K8: active | N8: 108/2025/QH15, 252/2026/NĐ-CP | R8: PDF scan (chụp hình) | S8: OCR | T8: Tesseract 5 (LSTM), ngôn ngữ vie | U8: 200 | V8: 83.8 | W8: 0.0926 | X8: 1416
A9: TT90_2026_BTC | B9: 90/2026/TT-BTC | C9: Thông tư | D9: THÔNG TƯ Quy định về đăng ký thuế | E9: Bộ Tài chính | F9: 2026-06-30 | G9: đối chiếu trang 1 bản gốc | H9: 2026-07-01 | I9: tự động (regex) | J9: u lực thi hành 1. Thông tư mỵ có hiệu lực thị hành kể từ ngày 01 tháng 7 năm 2026 | K9: active | M9: 86/2024/TT-BTC | R9: PDF scan (chụp hình) | S9: OCR | T9: Tesseract 5 (LSTM), ngôn ngữ vie | U9: 200 | V9: 88 | W9: 0.0518 | X9: 339
A10: ND254_2026 | B10: 254/2026/NĐ-CP | C10: Nghị định | D10: NGHỊ ĐỊNH Quy định chỉ tiết một số điều và biện pháp đề tô chức, hướng dẫn thi hành Luật Quản lý thuế số 108/2025/QH15 về hóa đơn điện tử, chứng từ điện tử | E10: Chính phủ | F10: 2026-06-30 | G10: đối chiếu trang 1 bản gốc | H10: 2026-07-01 | I10: tự động (regex) | J10: lực thi hành 1. Nghị định này có hiệu lực thi hành từ ngày 01 tháng 7 năm 2026 | K10: active | M10: 123/2020/NĐ-CP, 70/2025/NĐ-CP | N10: 108/2025/QH15 | Q10: 91/2026/TT-BTC | R10: PDF scan (chụp hình) | S10: OCR | T10: Tesseract 5 (LSTM), ngôn ngữ vie | U10: 200 | V10: 90 | W10: 0.0266 | X10: 111
A11: TT91_2026_BTC | B11: 91/2026/TT-BTC | C11: Thông tư | D11: THÔNG TƯ Quy định một số điều của Luật Quần lý fflue và Ngh1 ổnh số 254/2026/NĐ- CP của Chính phủ quy định chỉ tiết một số điều m biện ¬pháp để tổ chức, hướng dẫn thi hành Luật Quản lý thuế số 108/2025/QH15 về hóa đơn điện tử, chứng từ điện tứ lìẦ N9ay _2rẹtT’ỈĨ’lẵffJ›Z.Ế | E11: Bộ Tài chính | F11: 2026-06-30 | G11: đối chiếu trang 1 bản gốc | H11: 2026-07-01 | I11: tự động (regex) | J11: tổ chức cung 1. Thông tư này có hiệu lực thi hành kể từ ngày 01 tháng 7 năm 2026 | K11: active | M11: 32/2025/TT-BTC | N11: 108/2025/QH15, 254/2026/NĐ-CP | R11: PDF scan (chụp hình) | S11: OCR | T11: Tesseract 5 (LSTM), ngôn ngữ vie | U11: 200 | V11: 86.4 | W11: 0.0692 | X11: 161
A12: L48_2024_QH15 | B12: 48/2024/QH15 | C12: Luật | D12: LUẬT THUẾ GIÁ TRỊ GIA TĂNG | E12: Quốc hội | F12: 2024-11-26 | G12: tự động (regex) | H12: 2025-07-01 | I12: tự động (regex) | J12: Hiệu lực thi hành 1. Luật này có hiệu lực thi hành từ ngày 01 tháng 7 năm 2025 | K12: active | M12: 13/2008/QH12 | O12: 149/2025/QH15, 09/2026/QH16 | Q12: 181/2025/NĐ-CP, 69/2025/TT-BTC | R12: PDF có text (xuất từ phần mềm khác) | S12: PDF text layer | X12: 0
A13: L149_2025_QH15 | B13: 149/2025/QH15 | C13: Luật | D13: LUẬT SỬA ĐỎI, BỎ SUNG MỘT SÓ ĐIỀU wA LUAT THUE GIÁ TRỊ GIA TĂNG | E13: Quốc hội | F13: 2025-12-11 | G13: đối chiếu bản gốc: Trang 2 bản gốc: thông qua ngày 11 tháng 12 năm 2025 | H13: 2026-01-01 | I13: tự động (regex) | J13: 2. Hiệu lực thi hành Luật này có hiệu lực thi hành từ ngày 01 tháng 01 năm 2026 | K13: active | L13: 48/2024/QH15 | R13: PDF scan (chụp hình) | S13: OCR | T13: Tesseract 5 (LSTM), ngôn ngữ vie | U13: 200 | V13: 88.1 | W13: 0.0454 | X13: 3
A14: L09_2026_QH16 | B14: 09/2026/QH16 | C14: Luật | D14: LUẬT SỬA ĐÔI, BỎ SUNG MỘT SÓ ĐIỀU CỦA LUẬT THUÊ THU NHẬP CÁ NHÂN, LUẬT THUÊ GIÁ TRỊ GIA TĂNG, LUẬT THUÊ THU NHẬP DOANH NGHIỆP VÀ LUẬT THUÊ TIÊU THỤ ĐẶC BIỆT | E14: Quốc hội | F14: 2026-04-24 | G14: tự động (regex) | H14: 2026-04-24 | I14: tự động (regex) | J14: Hiệu lực thi hành 1. Luật này có hiệu lực thi hành từ ngày được thông qua | K14: active | L14: 48/2024/QH15, 109/2025/QH15, 67/2025/QH15 | R14: PDF scan (chụp hình) | S14: OCR | T14: Tesseract 5 (LSTM), ngôn ngữ vie | U14: 200 | V14: 86.8 | W14: 0.0623 | X14: 5
A15: ND181_2025 | B15: 181/2025/NĐ-CP | C15: Nghị định | D15: NGHỊ ĐỊNH uy định chỉ tiết thi hành một số điều của Luật Thuế giá trị gia tăng | E15: Chính phủ | F15: 2025-07-01 | G15: đối chiếu bản gốc: Trang 1 bản gốc: Hà Nội, ngày 01 tháng 7 năm 2025 | H15: 2025-07-01 | I15: tự động (regex) | J15: lực thi hành 1. Nghị định này có hiệu lực thi hành từ ngày 01 tháng 7 năm 2025 | K15: active | M15: 209/2013/NĐ-CP | N15: 48/2024/QH15 | O15: 359/2025/NĐ-CP, 144/2026/NĐ-CP | Q15: 69/2025/TT-BTC, 77/2025/TT-BTC, 101/2025/TT-BNNMT | R15: PDF scan (chụp hình) | S15: OCR | T15: Tesseract 5 (LSTM), ngôn ngữ vie | U15: 200 | V15: 88.5 | W15: 0.0415 | X15: 160
A16: ND174_2025 | B16: 174/2025/NĐ-CP | C16: Nghị định | D16: NGHỊ ĐỊNH định chính sách giảm thuê giá trị gia tăng theo Nghị quyết số 204/2025/QH15 ngày 17 tháng 6 năm 2025 của Quốc hội | E16: Chính phủ | F16: 2025-06-30 | G16: đối chiếu bản gốc: Trang 1 bản gốc: Hà Nội, ngày 30 tháng 6 năm 2025 | H16: 2025-07-01 | I16: tự động (regex) | J16: oản thi hành 1. Nghị định này có hiệu lực thi hành từ ngày 01 tháng 7 năm 2025 | K16: active | R16: PDF scan (chụp hình) | S16: OCR | T16: Tesseract 5 (LSTM), ngôn ngữ vie | U16: 200 | V16: 86.3 | W16: 0.0761 | X16: 92
A17: ND359_2025 | B17: 359/2025/NĐ-CP | C17: Nghị định | D17: NGHỊ ĐỊNH Sửa đổi, bỗ sung một số điều của Nghị định số 181/2025/NĐ-CP ngày 01 tháng 7 năm 2025 của Chính phủ quy định chỉ tiết thi hành một số điều của Luật Thuế giá trị gia tăng | E17: Chính phủ | F17: 2025-12-31 | G17: đối chiếu trang 1 bản gốc | H17: 2026-01-01 | I17: tự động (regex) | J17: oản thị hành 1. Nghị định này có hiệu lực thi hành từ ngày 01 tháng 01 năm 2026 | K17: active | L17: 181/2025/NĐ-CP | O17: 144/2026/NĐ-CP | R17: PDF scan (chụp hình) | S17: OCR | T17: Tesseract 5 (LSTM), ngôn ngữ vie | U17: 200 | V17: 89.5 | W17: 0.0328 | X17: 4
A18: ND144_2026 | B18: 144/2026/NĐ-CP | C18: Nghị định | D18: NGHỊ ĐỊNH ' Sll’8 đon, bồ sung một số điều của Nghị định số 181/2025/NĐ-CP ưay 01 tháng 7 năm 2025 của Chính phú quy định chỉ tiết thi hành mot số điều của Luật Thue giá trị gia tăng đã được sửa đổi, bỗ sung một số điều bởi Nghị định số 359/2025/NĐ-CP ngày 31 tháng 12 năm 2025 của Chính phủ | E18: Chính phủ | F18: 2026-05-05 | G18: đối chiếu trang 1 bản gốc | H18: 2026-06-20 | I18: tự động (regex) | J18: oản thi hành 1. Nghị định này có hiệu lực thi hành kế từ ngày 20 tháng 6 năm 2026 | K18: active | L18: 181/2025/NĐ-CP, 359/2025/NĐ-CP | R18: PDF scan (chụp hình) | S18: OCR | T18: Tesseract 5 (LSTM), ngôn ngữ vie | U18: 200 | V18: 83 | W18: 0.1237 | X18: 45
A19: TT69_2025_BTC | B19: 69/2025/TT-BTC | C19: Thông tư | D19: Thông tư quy định chi tiết một số điều của Luật Thuế giá trị gia tăng và hướng dẫn thực hiện Nghị định số 181/2025/NĐ-CP ngày 01 tháng 7 năm 2025 của Chính phủ quy định chi tiết thi hành một số điều của Luật Thuế giá trị gia tăng | E19: Bộ Tài chính | F19: 2025-07-01 | G19: đối chiếu trang 1 bản gốc | H19: 2025-07-01 | I19: tự động (regex) | J19: lực thi hành 1. Thông tư này có hiệu lực thi hành từ ngày 01 tháng 7 năm 2025 | K19: active | M19: 219/2013/TT-BTC | N19: 48/2024/QH15, 181/2025/NĐ-CP | R19: PDF scan (chụp hình) | S19: OCR | T19: Tesseract 5 (LSTM), ngôn ngữ vie | U19: 200 | V19: 89.9 | W19: 0.0237 | X19: 52
A20: TT77_2025_BTC | B20: 77/2025/TT-BTC | C20: Thông tư | D20: THÔNG TƯ Quy định chi tiết các dịch vụ kinh doanh chứng khoán và chuyên nhượng chứng khoán theo Nghị định số 181/2025/NĐ CPngày0l mang 7 năm 2025 của Chính phú quy định chi tiết thi hành một số điều của Luật Thuế giá trị gia tăng | E20: Bộ Tài chính | F20: 2025-07-30 | G20: đối chiếu trang 1 bản gốc | H20: 2025-07-30 | I20: tự động (regex) | J20: lực thi hành 1. Thông tư này có hiệu lực thi hành kể từ ngày 30 tháng 7 năm 2025 | K20: active | N20: 181/2025/NĐ-CP | R20: PDF scan (chụp hình) | S20: OCR | T20: Tesseract 5 (LSTM), ngôn ngữ vie | U20: 200 | V20: 90.1 | W20: 0.0213 | X20: 5
A21: TT101_2025_BNNMT | B21: 101/2025/TT-BNNMT | C21: Thông tư | D21: THÔNG TƯ Hướng dẫn các loại máy chuyên dùng khác phục vụ cho sản xuất nông nghiệp chưa được quy định tại khoản 6 Điều 19 Nghị định số 181/2025/NĐ-CP ngày 01 tháng 7 năm 2025 của Chính phủ quy định chi tiết thi hành một số điều của Luật Thuế giá trị gia tăng | E21: Bộ Nông nghiệp và Môi trường | F21: 2025-12-31 | G21: đối chiếu bản gốc: Trang 1 bản gốc: số 101 và ngày 31/12/2025 được điền tay trên bản PDF (lớp chữ để trống) | H21: 2025-12-31 | I21: đối chiếu bản gốc: Điều 4: hiệu lực kể từ ngày ký ban hành (31/12/2025) | J21: lực thi hành 1. Thông tư này có hiệu lực thi hành kể từ ngày ký | K21: active | N21: 181/2025/NĐ-CP | R21: PDF convert từ Word | S21: PDF text layer | X21: 0
A22: L109_2025_QH15 | B22: 109/2025/QH15 | C22: Luật | D22: LUẬT U THUFÊ THU NHẬP CÁ NHẮN | E22: Quốc hội | F22: 2025-12-10 | G22: tự động (regex) | H22: 2026-07-01 | I22: tự động (regex) | J22: Hiệu lực thi hành 1. Luật này có hiệu lực thị hành từ ngày 01 tháng 7 năm 2026 | K22: active | M22: 04/2007/QH12 | O22: 09/2026/QH16 | Q22: 253/2026/NĐ-CP, 87/2026/TT-BTC | R22: PDF scan (chụp hình) | S22: OCR | T22: Tesseract 5 (LSTM), ngôn ngữ vie | U22: 200 | V22: 90.9 | W22: 0.0145 | X22: 31
A23: ND253_2026 | B23: 253/2026/NĐ-CP | C23: Nghị định | D23: NGHỊ ĐỊNH - Quy định chỉ tiết một số điều và biện pháp để tô chức, hướng dẫn thi hành Luật Thuế thu nhập cá nhân | E23: Chính phủ | F23: 2026-06-30 | G23: đối chiếu trang 1 bản gốc | H23: 2026-07-01 | I23: tự động (regex) | J23: lực thi hành 1. Nghị định này có hiệu lực thi hành từ ngày 01 tháng 7 năm 2026 | K23: active | N23: 109/2025/QH15 | Q23: 87/2026/TT-BTC | R23: PDF scan (chụp hình) | S23: OCR | T23: Tesseract 5 (LSTM), ngôn ngữ vie | U23: 200 | V23: 90.2 | W23: 0.0221 | X23: 132
A24: TT87_2026_BTC | B24: 87/2026/TT-BTC | C24: Thông tư | D24: THÔNG TƯ QuẮv định chỉ tiết một số điều của Luật Thuế thu nhập cá nhan và Nghị định sô B3/2026/NĐ-CP của Chính phủ quy định chỉ tiết một số điều và biện pháp đề tổ chức, hướng dẫn thi hành Luật Thuế thu nhập cá nhân | E24: Bộ Tài chính | F24: 2026-06-30 | G24: đối chiếu trang 1 bản gốc | H24: 2026-07-01 | I24: tự động (regex) | J24: lực thi hành 1. Thông tư này có hiệu lực thi hành từ ngày 01 tháng 7 năm 2026 | K24: active | M24: 111/2013/TT-BTC | N24: 109/2025/QH15, 253/2026/NĐ-CP | R24: PDF scan (chụp hình) | S24: OCR | T24: Tesseract 5 (LSTM), ngôn ngữ vie | U24: 200 | V24: 89.9 | W24: 0.0328 | X24: 15
A25: L67_2025_QH15 | B25: 67/2025/QH15 | C25: Luật | D25: LUẬT _ THUÊ THU NHẬP DOANH NGHIỆP | E25: Quốc hội | F25: 2025-06-14 | G25: tự động (regex) | H25: 2025-10-01 | I25: tự động (regex) | J25: Hiệu lực thi hành 1. Luật nay có hiệu lực thi hành từ ngày 01 tháng 10 năm 2025 | K25: active | M25: 14/2008/QH12 | O25: 09/2026/QH16 | Q25: 320/2025/NĐ-CP, 20/2026/TT-BTC | R25: PDF scan (chụp hình) | S25: OCR | T25: Tesseract 5 (LSTM), ngôn ngữ vie | U25: 200 | V25: 90.4 | W25: 0.0227 | X25: 44
A26: ND320_2025 | B26: 320/2025/NĐ-CP | C26: Nghị định | D26: NGHỊ ĐỊNH 5.Í Quy định chỉ tiết một số điều và biện pháp để tổ chức, hướng dẫn thi hành Luật Thuế thu nhập doanh nghiệp | E26: Chính phủ | F26: 2025-12-15 | G26: đối chiếu bản gốc: Trang 1 bản gốc: Hà Nội, ngày 15 tháng 12 năm 2025 | H26: 2025-12-15 | I26: đối chiếu bản gốc: Điều 24 khoản 1: hiệu lực kể từ ngày ký ban hành, áp dụng từ kỳ tính thuế TNDN năm 2025 | J26: lực thi hành 1. Nghị định này có hiệu lực thi hành kế từ ngày ký | K26: active | M26: 218/2013/NĐ-CP | N26: 67/2025/QH15 | O26: 141/2026/NĐ-CP | Q26: 20/2026/TT-BTC | R26: PDF scan (chụp hình) | S26: OCR | T26: Tesseract 5 (LSTM), ngôn ngữ vie | U26: 200 | V26: 90 | W26: 0.0231 | X26: 164
A27: ND20_2026 | B27: 20/2026/NĐ-CP | C27: Nghị định | D27: NGHỊ ĐỊNH Ngàn. -46164/3926...Quy đmh chu tiết và hướng dẫn thi hành một số điều của Nghị quyet so 198/2025/QH15 ngày 17 tháng 5 mnm 2025 cua Quốc hội về một số cơ chế, chmh sách đặc biệt phát triển kinh tế tư nhân | E27: Chính phủ | F27: 2026-01-15 | G27: đối chiếu trang 1 bản gốc | H27: 2026-01-15 | I27: tự động (regex) | J27: lực thi hành 1. Nghị định này có hiệu lực thi hành từ ngày ký | K27: active | N27: 198/2025/QH15 | R27: PDF scan (chụp hình) | S27: OCR | T27: Tesseract 5 (LSTM), ngôn ngữ vie | U27: 200 | V27: 89.1 | W27: 0.0405 | X27: 45
A28: ND141_2026 | B28: 141/2026/NĐ-CP | C28: Nghị định | D28: NGHỊ ĐỊNH Sửa đối, bồ sung một số điều của Nghị định số 68/2026/NĐ-CP quy định về chính sách thuế đối với hộ kinh doanh, cá nhân kinh doanh và Nghị định số 320/2025/NĐ-CP quy định chỉ tiết một số điều và biện pháp để tổ chức, R { R ` ˆ ”M ˆ .Ả ®ủGTHỎNGHNĐIÊNTỪCHÍNHPMÚ hướng dân thi hành `IJuz_lt Thuê thu nhập doanh nghiệp ế cứ Luật Tổ chức Chính phủ số 63/2025/QH15; | E28: Chính phủ | F28: 2026-04-29 | G28: đối chiếu trang 1 bản gốc | H28: 2026-01-01 | I28: tự động (regex) | J28: iệu lực thi Mmh Nghị định này có hiệu lực thi hành từ ngày 01 tháng 01 năm 2026 | K28: active | L28: 320/2025/NĐ-CP, 68/2026/NĐ-CP | R28: PDF scan (chụp hình) | S28: OCR | T28: Tesseract 5 (LSTM), ngôn ngữ vie | U28: 200 | V28: 89.1 | W28: 0.0387 | X28: 9
A29: ND245_2026 | B29: 245/2026/NĐ-CP | C29: Nghị định | D29: NGHỊ ĐỊNH Gia hạn thời hạn nộp thuế giá trị gia tăng, thuế thu nhập doanh nghiệp, thuế thu nhập cá nhân và tiền thuê đất trong năm 2026 | E29: Chính phủ | F29: 2026-06-27 | G29: đối chiếu trang 1 bản gốc | H29: 2026-06-27 | I29: tự động (regex) | J29: lực thi hành 1, Nghị định này có hiệu lực thi hành kể từ ngày ký | K29: active | R29: PDF scan (chụp hình) | S29: OCR | T29: Tesseract 5 (LSTM), ngôn ngữ vie | U29: 200 | V29: 88.3 | W29: 0.0519 | X29: 20
A30: TT20_2026_BTC | B30: 20/2026/TT-BTC | C30: Thông tư | D30: THÔNG TƯ Quy định chỉ tiết một số điều của Luật Thuế thu nhập doanh nghiệp và Nghị định số 320/2025/NĐ-CP ngày 15 tháng 12 năm 2025 của Chính phủ quy định chỉ tiết một số điều và biện pháp đề tổ chức, hướng dẫn thi hành Luật Thuế thu nhập doanh nghiệp | E30: Bộ Tài chính | F30: 2026-03-12 | G30: đối chiếu trang 1 bản gốc | H30: 2026-03-12 | I30: tự động (regex) | J30: lực thi hành l. Thông tư này có hiệu lực thi hành từ ngày 12 tháng 3 năm 2026 | K30: active | M30: 78/2014/TT-BTC | N30: 67/2025/QH15, 320/2025/NĐ-CP | R30: PDF scan (chụp hình) | S30: OCR | T30: Tesseract 5 (LSTM), ngôn ngữ vie | U30: 200 | V30: 89.4 | W30: 0.0354 | X30: 57
A31: ND68_2026 | B31: 68/2026/NĐ-CP | C31: Nghị định | D31: NGHỊ ĐỊNH Quy định về chính sách thuế và quản lý thuế đối với hộ kinh doanh, cá nhân kinh doanh | E31: Chính phủ | F31: 2026-03-05 | G31: đối chiếu trang 1 bản gốc | H31: 2026-03-05 | I31: tự động (regex) | J31: ệu lực thi hành Nghị định này có hiệu lực thi hành kể từ ngày ký | K31: active | O31: 141/2026/NĐ-CP | R31: PDF scan (chụp hình) | S31: OCR | T31: Tesseract 5 (LSTM), ngôn ngữ vie | U31: 200 | V31: 90.5 | W31: 0.0195 | X31: 41
A32: TT152_2025_BTC | B32: 152/2025/TT-BTC | C32: Thông tư | D32: THÔNG TƯ Hướng dẫn kế toán cho các hộ kinh doanh, cá nhân kinh doanh | E32: Bộ Tài chính | F32: 2025-12-31 | G32: đối chiếu trang 1 bản gốc | H32: 2026-01-01 | I32: tự động (regex) | J32: lực thi hành 1. Thông tư này có hiệu lực thi hành kể từ ngày 01/01/2026 | K32: active | R32: PDF scan (chụp hình) | S32: OCR | T32: Tesseract 5 (LSTM), ngôn ngữ vie | U32: 200 | V32: 88.4 | W32: 0.0485 | X32: 25
A33: TT18_2026_BTC | B33: 18/2026/TT-BTC | C33: Thông tư | D33: Thông tư quy định về hồ sơ, thủ tục quản lý thuế đối với hộ kinh doanh, cá nhân kinh doanh | E33: Bộ Tài chính | F33: 2026-03-05 | G33: đối chiếu trang 1 bản gốc | H33: 2026-03-05 | I33: tự động (regex) | J33: ực thi hành ! 1. Thông tư này có hiệu lực thi hành kể từ ngày ký | K33: active | M33: 40/2021/TT-BTC | O33: 50/2026/TT-BTC | R33: PDF scan (chụp hình) | S33: OCR | T33: Tesseract 5 (LSTM), ngôn ngữ vie | U33: 200 | V33: 84.7 | W33: 0.0884 | X33: 62
A34: TT50_2026_BTC | B34: 50/2026/TT-BTC | C34: Thông tư | D34: THÔNG TƯ Sửa đối, bố sung một số điều của Thông tư số 18/2026/TT-BTC ngày 05 tháng 3 năm 2026 của Bộ trưởng Bộ Tài chính quy định về hồ sơ, thủ tục quần lý thuế đối với hộ kinh đoanh, cá nhân kinh doanh | E34: Bộ Tài chính | F34: 2026-05-13 | G34: đối chiếu trang 1 bản gốc | H34: 2026-05-13 | I34: tự động (regex) | J34: lực thi hành 1. Thông tư này có hiệu lực thi hành kể từ ngày ký | K34: active | L34: 18/2026/TT-BTC | R34: PDF scan (chụp hình) | S34: OCR | T34: Tesseract 5 (LSTM), ngôn ngữ vie | U34: 200 | V34: 83.7 | W34: 0.1082 | X34: 30
A35: L59_2020_QH14 | B35: 59/2020/QH14 | C35: Luật | D35: LUẬT DOANH NGHIỆP | E35: Quốc hội | F35: 2020-06-17 | G35: tự động (regex) | H35: 2021-01-01 | I35: tự động (regex) | J35: ều khoản thị hành 1. Luật này có hiệu lực thi Hành từ ngày 01 tháng 01 năm 2021 | K35: active | O35: 03/2022/QH15, 76/2025/QH15 | Q35: 168/2025/NĐ-CP | R35: PDF scan (chụp hình) | S35: OCR | T35: Tesseract 5 (LSTM), ngôn ngữ vie | U35: 200 | V35: 89.6 | W35: 0.0321 | X35: 327
A36: L03_2022_QH15 | B36: 03/2022/QH15 | C36: Luật | D36: LUẬT SỬA ĐỔI, BỔ SUNG MỘT SỐ ĐIỀU CỦA LUẬT ĐẦU TƯ CÔNG, LUẬT ĐẦU TƯ THEO PHƯƠNG THỨC ĐỐI TÁC CÔNG TƯ, LUẬT ĐẦU TƯ, LUẬT NHÀ Ở, LUẬT ĐẤU THẦU, LUẬT ĐIỆN LỰC, LUẬT DOANH NGHIỆP, LUẬT THUẾ TIÊU THỤ ĐẶC BIỆT VÀ LUẬT THI HÀNH ÁN DÂN SỰ | E36: Quốc hội | F36: 2022-01-11 | G36: tự động (regex) | H36: 2022-03-01 | I36: tự động (regex) | J36: 0. Hiệu lực thi hành Luật này có hiệu lực thi hành từ ngày 01 tháng 3 năm 2022 | K36: active | L36: 59/2020/QH14 | R36: PDF có text (xuất từ phần mềm khác) | S36: PDF text layer | X36: 0
A37: L76_2025_QH15 | B37: 76/2025/QH15 | C37: Luật | D37: LUẬT SỬA ĐÔI, BỎ SUNG MỘT SÓ ĐIỀU CỦA LUẬT DOANH NGHIỆP | E37: Quốc hội | F37: 2025-06-17 | G37: tự động (regex) | H37: 2025-07-01 | I37: tự động (regex) | J37: 2. Hiệu lực thi hành Luật này có hiệu lực thị hành từ ngày 01 tháng 7 năm 2025 | K37: active | L37: 59/2020/QH14 | R37: PDF scan (chụp hình) | S37: OCR | T37: Tesseract 5 (LSTM), ngôn ngữ vie | U37: 200 | V37: 88.4 | W37: 0.0507 | X37: 14
A38: ND168_2025 | B38: 168/2025/NĐ-CP | C38: Nghị định | D38: NGHỊ ĐỊNH CỔNG THÔNG TIN BIỆN TỬ CHÍNH PHỦ Ñ Vệ đăng ký doanh nghiệp ÊN(ỉlờ......... m HHH b.càw.....ễìẫ..l..ĩ*llũl.ĩ | E38: Chính phủ | F38: 2025-06-30 | G38: đối chiếu trang 1 bản gốc | H38: 2025-07-01 | I38: đối chiếu bản gốc: Trang 121 bản gốc, Điều 124 khoản 1: hiệu lực từ ngày 01 tháng 7 năm 2025 | K38: active | M38: 01/2021/NĐ-CP, 122/2020/NĐ-CP | N38: 59/2020/QH14 | O38: 296/2026/NĐ-CP | Q38: 68/2025/TT-BTC | R38: PDF scan (chụp hình) | S38: OCR | T38: Tesseract 5 (LSTM), ngôn ngữ vie | U38: 200 | V38: 90.6 | W38: 0.0147 | X38: 265
A39: ND296_2026 | B39: 296/2026/NĐ-CP | C39: Nghị định | D39: Nghị định sửa đổi, bổ sung một số điều của Nghị định số 168/2025/NĐ-CP ngày 30 tháng 6 năm 2025 của Chính phủ về đăng ký doanh nghiệp | E39: Chính phủ | F39: 2026-07-23 | G39: đối chiếu trang 1 bản gốc | H39: 2026-07-23 | I39: tự động (regex) | J39: oản thi hành 1. Nghị định này có hiệu lực thi hành từ ngày 23 tháng 7 năm 2026 | K39: active | L39: 168/2025/NĐ-CP | R39: PDF scan (chụp hình) | S39: OCR | T39: Tesseract 5 (LSTM), ngôn ngữ vie | U39: 200 | V39: 90.1 | W39: 0.0236 | X39: 33
A40: TT68_2025_BTC | B40: 68/2025/TT-BTC | C40: Thông tư | D40: THÔNG TƯ Ban hành biểu mẫu sử dụng trong đăng ký doanh nghiệp, đăng ký hộ kinh doanh | E40: Bộ Tài chính | F40: 2025-07-01 | G40: đối chiếu bản gốc: Trang 1 bản gốc (ngày viết tay): ngày 01 tháng 7 năm 2025 | H40: 2025-07-01 | I40: tự động (regex) | J40: lực thi hành 1. Thông tư này có hiệu lực thi hành từ ngày 01 tháng 7 năm 2025 | K40: active | N40: 168/2025/NĐ-CP | R40: PDF scan (chụp hình) | S40: OCR | T40: Tesseract 5 (LSTM), ngôn ngữ vie | U40: 200 | V40: 82.1 | W40: 0.117 | X40: 433
A41: TT99_2025_BTC | B41: 99/2025/TT-BTC | C41: Thông tư | D41: THÔNG TƯ Hướng dẫn Chế độ kế toán doanh nghiệp | E41: Bộ Tài chính | F41: 2025-10-27 | G41: đối chiếu trang 1 bản gốc | H41: 2026-01-01 | I41: tự động (regex) | J41: hoản thi hành 1. Thông tư này có hiệu lực thi hành kể từ ngày 01/01/2026 | K41: active | M41: 200/2014/TT-BTC | R41: PDF có text (xuất từ phần mềm khác) | S41: PDF text layer | X41: 0
A42: TT58_2026_BTC | B42: 58/2026/TT-BTC | C42: Thông tư | D42: THÔNG TƯ Hướng dẫn Chế độ kế toán cho doanh nghiệp siêu nhỏ | E42: Bộ Tài chính | F42: 2026-05-25 | G42: đối chiếu trang 1 bản gốc | H42: 2026-07-01 | I42: tự động (regex) | J42: lực thi hành 1. Thông tư này có hiệu lực thi hành kể từ ngày 01/7/2026 | K42: active | R42: PDF convert từ Word | S42: PDF text layer | X42: 0
A43: TT71_2024_BTC | B43: 71/2024/TT-BTC | C43: Thông tư | D43: THÔNG TƯ Hướng dẫn Chế độ kế toán Hợp tác xã, liên hiệp hợp tác xã | E43: Bộ Tài chính | F43: 2024-10-07 | G43: đối chiếu trang 1 bản gốc | H43: 2024-10-07 | I43: tự động (regex) | J43: lực thi hành 1. Thông tư này có hiệu lực thi hành kể từ ngày 07 tháng 10 năm 2024 | K43: active | M43: 24/2017/TT-BTC | R43: PDF có text (xuất từ phần mềm khác) | S43: PDF text layer | X43: 0
A44: TT133_2016_BTC | B44: 133/2016/TT-BTC | C44: Thông tư | D44: THÔNG TƯ HƯỚNG DẪN CHẾ ĐỘ KẾ TOÁN DOANH NGHIỆP NHỎ VÀ VỪA | E44: Bộ Tài chính | F44: 2016-08-26 | G44: đối chiếu trang 1 bản gốc | H44: 2017-01-01 | I44: đối chiếu bản gốc: Điều 93 khoản 1: có hiệu lực áp dụng cho năm tài chính bắt đầu hoặc sau ngày 1/1/2017 | K44: active | M44: 138/2011/TT-BTC | R44: Word gốc (.doc) | S44: PDF text layer | X44: 4
A45: L41_2024_QH15 | B45: 41/2024/QH15 | C45: Luật | D45: LUẬT BẢO HIỂM XÃ HỘI | E45: Quốc hội | F45: 2024-06-29 | G45: tự động (regex) | H45: 2025-07-01 | I45: tự động (regex) | J45: Hiệu lực thi hành 1. Luật này có hiệu lực thi hành từ ngày 01 tháng 7 năm 2025 | K45: active | M45: 58/2014/QH13 | Q45: 158/2025/NĐ-CP, 159/2025/NĐ-CP, 274/2025/NĐ-CP, 176/2025/NĐ-CP, 11/2025/TT-BNV, 12/2025/TT-BNV, 25/2025/TT-BYT, 60/2025/TT-BYT | R45: PDF có text (xuất từ phần mềm khác) | S45: PDF text layer | X45: 0
A46: ND274_2025 | B46: 274/2025/NĐ-CP | C46: Nghị định | D46: Nghị định quy định chi tiết một số điều của Luật Bảo hiểm xã hội về chậm đóng, trốn đóng bảo hiểm xã hội bắt buộc, bảo hiểm thất nghiệp; khiếu nại, tố cáo về bảo hiểm xã hội | E46: Chính phủ | F46: 2025-10-16 | G46: đối chiếu trang 1 bản gốc | H46: 2025-11-30 | I46: tự động (regex) | J46: ệu lực thi hành Nghị định này có hiệu lực thị hành từ ngày 30 tháng 11 năm 2025 | K46: active | N46: 41/2024/QH15 | R46: PDF scan (chụp hình) | S46: OCR | T46: Tesseract 5 (LSTM), ngôn ngữ vie | U46: 200 | V46: 89.8 | W46: 0.0272 | X46: 28
A47: ND158_2025 | B47: 158/2025/NĐ-CP | C47: Nghị định | D47: NGHỊ ĐỊNH Quy định chỉ tiết và hướng dẫn thi hành một qỗ điều của Luật Bảo hiểm xã hội về bảo hiểm xã hội bắt buộc | E47: Chính phủ | F47: 2025-06-25 | G47: đối chiếu trang 1 bản gốc | H47: 2025-07-01 | I47: tự động (regex) | J47: lực thi hành 1. Nghị định này có hiệu lực thị hành từ ngày 01 tháng 7 năm 2025 | K47: active | N47: 41/2024/QH15 | R47: PDF scan (chụp hình) | S47: OCR | T47: Tesseract 5 (LSTM), ngôn ngữ vie | U47: 200 | V47: 89.5 | W47: 0.0327 | X47: 105
A48: ND159_2025 | B48: 159/2025/NĐ-CP | C48: Nghị định | D48: NGHỊ ĐỊNH Quiy định chỉ het và hướng dẫn thl hành một số điều của Luật Bảo hiểm xã hội về bảo hiểm xã hội tự nguyện | E48: Chính phủ | F48: 2025-06-25 | G48: đối chiếu trang 1 bản gốc | H48: 2025-07-01 | I48: tự động (regex) | J48: lực thi hành 1. Nghị định này có hiệu lực thi hành từ ngày 01 tháng 7 năm 2025 | K48: active | M48: 134/2015/NĐ-CP | N48: 41/2024/QH15 | R48: PDF scan (chụp hình) | S48: OCR | T48: Tesseract 5 (LSTM), ngôn ngữ vie | U48: 200 | V48: 90 | W48: 0.027 | X48: 33
A49: ND176_2025 | B49: 176/2025/NĐ-CP | C49: Nghị định | D49: NGHỊ ĐỊNH Quy định chỉ tiết và hướng dẫn thi hành một số điều của Luật Bảo hiểm xã hội về trợ cấp hưu trí xã hội | E49: Chính phủ | F49: 2025-06-30 | G49: đối chiếu trang 1 bản gốc | H49: 2025-07-01 | I49: tự động (regex) | J49: lực thi hành 1. Nghị định này có hiệu lực thị hành từ ngày 01 tháng 7 năm 2025 | K49: active | N49: 41/2024/QH15 | R49: PDF scan (chụp hình) | S49: OCR | T49: Tesseract 5 (LSTM), ngôn ngữ vie | U49: 200 | V49: 82.4 | W49: 0.1139 | X49: 15
A50: TT12_2025_BNV | B50: 12/2025/TT-BNV | C50: Thông tư | D50: THÔNG TƯ Quy định chỉ tiết một số điều của Luật Bảo hiểm xã hội về bảo hiểm xã hội bắt buộc | E50: Bộ Nội vụ | F50: 2025-06-30 | G50: đối chiếu bản gốc: Trang 1 bản gốc: ngày 30 tháng 6 năm 2025 | H50: 2025-07-01 | I50: tự động (regex) | J50: hoản thi hành 1. Thông tư này có hiệu lực thi hành kể từ ngày 01 tháng 7 năm 2025 | K50: active | N50: 41/2024/QH15 | R50: PDF scan (chụp hình) | S50: OCR | T50: Tesseract 5 (LSTM), ngôn ngữ vie | U50: 200 | V50: 91.5 | W50: 0.0077 | X50: 41
A51: TT11_2025_BNV | B51: 11/2025/TT-BNV | C51: Thông tư | D51: THÔNG TƯ Quy định chỉ tiết một số điều của Luật Bảo hiểm xã hội về bảo hiểm xã hội tự nguyện | E51: Bộ Nội vụ | F51: 2025-06-30 | G51: đối chiếu bản gốc: Trang 1 bản gốc: ngày 30 tháng 6 năm 2025 | H51: 2025-07-01 | I51: tự động (regex) | J51: lực thi hành 1. Thông tư này có hiệu lực thi hành từ ngày 01 tháng 7 năm 2025 | K51: active | M51: 01/2016/TT-BLĐTBX | N51: 41/2024/QH15 | R51: PDF scan (chụp hình) | S51: OCR | T51: Tesseract 5 (LSTM), ngôn ngữ vie | U51: 200 | V51: 91.2 | W51: 0.0131 | X51: 8
A52: TT25_2025_BYT | B52: 25/2025/TT-BYT | C52: Thông tư | D52: THÔNG TƯ Quy định chi tiết thi hành Luật Bảo hiểm xã hội, Luật An toàn, vệ sinh lao động về lĩnh vực y tế và một số điều của Luật Khám bệnh, chữa bệnh | E52: Bộ Y tế | F52: 2025-06-30 | G52: đối chiếu bản gốc: Trang 1 bản gốc: ngày 30 tháng 6 năm 2025 | H52: 2025-07-01 | I52: tự động (regex) | J52: lực thi hành 1. Thông tư này có hiệu lực thi hành kể từ ngày 01 tháng 7 năm 2025 | K52: active | N52: 41/2024/QH15, 84/2015/QH13 | R52: PDF có text (xuất từ phần mềm khác) | S52: PDF text layer | X52: 0
A53: TT60_2025_BYT | B53: 60/2025/TT-BYT | C53: Thông tư | D53: THÔNG TƯ Quy định về bệnh nghề nghiệp được hưởng bảo hiểm xã hội và hướng dẫn chẩn đoán, giám định mức suy giảm khả năng lao động do bệnh nghề nghiệp | E53: Bộ Y tế | F53: 2025-12-31 | G53: đối chiếu trang 1 bản gốc | H53: 2026-02-15 | I53: đối chiếu bản gốc: Trang 7 bản gốc, Điều 9 khoản 1 (ngày viết tay): hiệu lực kể từ ngày 15 tháng 02 năm 2026 | K53: active | M53: 15/2016/TT-BYT, 02/2023/TT-BYT | N53: 41/2024/QH15 | R53: PDF scan (chụp hình) | S53: OCR | T53: Tesseract 5 (LSTM), ngôn ngữ vie | U53: 200 | V53: 89.8 | W53: 0.0312 | X53: 16
A54: L45_2019_QH14 | B54: 45/2019/QH14 | C54: Bộ luật | D54: Bộ luật Lao động | E54: Quốc hội | F54: 2019-11-20 | G54: tự động (regex) | H54: 2021-01-01 | I54: tự động (regex) | J54: ệulựcthihành - 1, Bộ luật này có hiệu lực thi hành từ ngày 01 tháng 01 năm 2021 | K54: active | Q54: 145/2020/NĐ-CP, 337/2025/NĐ-CP | R54: PDF scan (chụp hình) | S54: OCR | T54: Tesseract 5 (LSTM), ngôn ngữ vie | U54: 200 | V54: 90.4 | W54: 0.0224 | X54: 187
A55: L84_2015_QH13 | B55: 84/2015/QH13 | C55: Luật | D55: LUẬT AN TOÀN, VỆ SINH LẠO ĐỘNG | E55: Quốc hội | F55: 2015-06-25 | G55: đối chiếu bản gốc: Trang 59 bản gốc: thông qua ngày 25 tháng 6 năm 2015 | H55: 2016-07-01 | I55: tự động (regex) | J55: Hiệu lực thi hành 1. Luật này có hiệu lực thì hành từ ngày 01 tháng 7 năm 2016 | K55: active | Q55: 39/2016/NĐ-CP, 88/2020/NĐ-CP, 25/2025/TT-BYT | R55: PDF scan (chụp hình) | S55: OCR | T55: Tesseract 5 (LSTM), ngôn ngữ vie | U55: 200 | V55: 90.5 | W55: 0.0182 | X55: 133
A56: L74_2025_QH15 | B56: 74/2025/QH15 | C56: Luật | D56: LUẬT VIỆC LAM ĐẾN l. m 34202E.... | E56: Quốc hội | F56: 2025-06-16 | G56: tự động (regex) | H56: 2026-01-01 | I56: tự động (regex) | J56: Hiệu lực thi hành 1. Luật này có hiệu lực thi hành từ ngày 01 tháng 01 năm 2026 | K56: active | M56: 38/2013/QH13 | Q56: 374/2025/NĐ-CP, 338/2025/NĐ-CP, 352/2025/NĐ-CP | R56: PDF scan (chụp hình) | S56: OCR | T56: Tesseract 5 (LSTM), ngôn ngữ vie | U56: 200 | V56: 90.3 | W56: 0.023 | X56: 52
A57: L50_2024_QH15 | B57: 50/2024/QH15 | C57: Luật | D57: Luật Công đoàn | E57: Quốc hội | F57: 2024-11-27 | G57: tự động (regex) | H57: 2025-07-01 | I57: tự động (regex) | J57: 7. Hiệu lực thi hành Luật này có hiệu lực thi hành từ ngày 01 tháng 7 năm 2025 | K57: active | M57: 12/2012/QH13 | R57: PDF có text (xuất từ phần mềm khác) | S57: PDF text layer | X57: 0
A58: ND145_2020 | B58: 145/2020/NĐ-CP | C58: Nghị định | D58: NGHỊ ĐỊNH ‹ Quy định chỉ tiệt và hướng dẫn thi hành một số điều của Bộ luật Lao động về điêu kiện lao động và quan hệ lao động „ - | E58: Chính phủ | F58: 2020-12-14 | G58: đối chiếu bản gốc: Trang 1 bản gốc: Hà Nội, ngày 14 tháng 12 năm 2020 | H58: 2021-02-01 | I58: tự động (regex) | J58: lực thi hành 1. Nghị định này có hiệu lực thi hành kề từ ngày 01 tháng 02 năm 2021 | K58: active | N58: 45/2019/QH14 | R58: PDF scan (chụp hình) | S58: OCR | T58: Tesseract 5 (LSTM), ngôn ngữ vie | U58: 200 | V58: 89.1 | W58: 0.0411 | X58: 230
A59: ND88_2020 | B59: 88/2020/NĐ-CP | C59: Nghị định | D59: NGHỊ ĐỊNH Quy định chỉ tiết m hương dẫn thi hành một số điều của Luật An man, vệ sinh lao động về báo hiểm tai nạn lao động, bệnh nghe nghiệp bắt buộc | E59: Chính phủ | F59: 2020-07-28 | G59: đối chiếu bản gốc: Trang 1 bản gốc: Hà Nội, ngày 28 tháng 7 năm 2020 | H59: 2020-09-15 | I59: tự động (regex) | J59: thi hành -.1. Quyết định này có hiệu lực kể từ ngày ký | K59: active | M59: 37/2016/NĐ-CP | N59: 84/2015/QH13 | R59: PDF scan (chụp hình) | S59: OCR | T59: Tesseract 5 (LSTM), ngôn ngữ vie | U59: 200 | V59: 87.8 | W59: 0.0549 | X59: 104
A60: ND39_2016 | B60: 39/2016/NĐ-CP | C60: Nghị định | D60: NGHỊ ĐỊNH 1)EN Gờ: maỵ…..ẩ.ễỉl.ẫí.ỏễ. _ Quy định chỉ tiết thi hành một số điều của Luật An toàn, vệ sinh lao động | E60: Chính phủ | F60: 2016-05-15 | G60: đối chiếu trang 1 bản gốc | H60: 2016-07-01 | I60: tự động (regex) | J60: lực thi hành 1. Nghị định này có hiệu lực thi hành kể từ ngày 01 tháng 7 năm 2016 | K60: active | N60: 84/2015/QH13 | R60: PDF scan (chụp hình) | S60: OCR | T60: Tesseract 5 (LSTM), ngôn ngữ vie | U60: 200 | V60: 86.9 | W60: 0.0649 | X60: 136
A61: ND219_2025 | B61: 219/2025/NĐ-CP | C61: Nghị định | D61: NGHỊ ĐỊNH ủy định về người lao động nước ngoài làm việc tại Việt Nam | E61: Chính phủ | F61: 2025-08-07 | G61: đối chiếu trang 1 bản gốc | H61: 2025-08-07 | I61: tự động (regex) | J61: lực thi hành 1. Nghị định này có hiệu lực thì hành từ ngày 07 tháng 8 năm 2025 | K61: active | M61: 152/2020/NĐ-CP | R61: PDF scan (chụp hình) | S61: OCR | T61: Tesseract 5 (LSTM), ngôn ngữ vie | U61: 200 | V61: 84.9 | W61: 0.0879 | X61: 67
A62: ND293_2025 | B62: 293/2025/NĐ-CP | C62: Nghị định | D62: NGHỊ ĐỊNH Quy định mức lương tối thiểu đối với người lao động làm việc theo hợp đồng lao động | E62: Chính phủ | F62: 2025-11-10 | G62: đối chiếu trang 1 bản gốc | H62: 2026-01-01 | I62: đối chiếu bản gốc: Trang 3 bản gốc, Điều 5 khoản 1: hiệu lực thi hành từ ngày 01 tháng 01 năm 2026 | K62: active | M62: 74/2024/NĐ-CP | R62: PDF scan (chụp hình) | S62: OCR | T62: Tesseract 5 (LSTM), ngôn ngữ vie | U62: 200 | V62: 89.3 | W62: 0.0346 | X62: 30
A63: ND337_2025 | B63: 337/2025/NĐ-CP | C63: Nghị định | D63: NGHỊ ĐỊNH Quy định về hợp đồng lao động điện tử | E63: Chính phủ | F63: 2025-12-24 | G63: đối chiếu trang 1 bản gốc | H63: 2026-01-01 | I63: tự động (regex) | J63: lực thi hành 1. Nghị định này có hiệu lực thi hành từ ngày 01 tháng 01 năm 2026 | K63: active | N63: 45/2019/QH14 | R63: PDF scan (chụp hình) | S63: OCR | T63: Tesseract 5 (LSTM), ngôn ngữ vie | U63: 200 | V63: 89.9 | W63: 0.0284 | X63: 34
A64: ND338_2025 | B64: 338/2025/NĐ-CP | C64: Nghị định | D64: NGHỊ ĐỊNH Quy định chỉ tiết một số điều của Luật Việc làm À z H z +Ả ` về chính sách hỗ trợ tạo việc làm | E64: Chính phủ | F64: 2025-12-25 | G64: đối chiếu trang 1 bản gốc | H64: 2026-01-01 | I64: tự động (regex) | J64: lực thi hành 1. Nghị định này có hiệu lực thi hành kề từ ngày 01 tháng 01 năm 2026 | K64: active | N64: 74/2025/QH15 | R64: PDF scan (chụp hình) | S64: OCR | T64: Tesseract 5 (LSTM), ngôn ngữ vie | U64: 200 | V64: 89.1 | W64: 0.0403 | X64: 71
A65: ND352_2025 | B65: 352/2025/NĐ-CP | C65: Nghị định | D65: NGHỊ ĐỊNH Quy định chỉ tiết một số điều của Luật Việc làm về dịch vụ việc làm | E65: Chính phủ | F65: 2025-12-30 | G65: đối chiếu trang 1 bản gốc | H65: 2025-12-30 | I65: tự động (regex) | J65: c gia. Điều 4. Quyết định này có hiệu lực kể từ ngày ký | K65: active | N65: 74/2025/QH15 | R65: PDF scan (chụp hình) | S65: OCR | T65: Tesseract 5 (LSTM), ngôn ngữ vie | U65: 200 | V65: 87.1 | W65: 0.0648 | X65: 87
A66: ND374_2025 | B66: 374/2025/NĐ-CP | C66: Nghị định | D66: NGHỊ ĐỊNH Quy định chỉ tiết một số điều của Luật Việc làm về bảo hiểm thất nghiệp | E66: Chính phủ | F66: 2025-12-31 | G66: đối chiếu bản gốc: Trang 1 bản gốc: Hà Nội, ngày 31 tháng 12 năm 2025 | H66: 2026-01-01 | I66: tự động (regex) | J66: lực thi hành 1. Nghị định này có hiệu lực thi hành từ ngày 01 tháng 01 năm 2026 | K66: active | N66: 74/2025/QH15 | R66: PDF scan (chụp hình) | S66: OCR | T66: Tesseract 5 (LSTM), ngôn ngữ vie | U66: 200 | V66: 90.3 | W66: 0.0247 | X66: 97

Sheet Quan he van ban
A1: Văn bản nguồn | B1: Quan hệ | C1: Văn bản đích | D1: Cách xác định | E1: Đã xác minh | F1: Bằng chứng / ghi chú
A2: 03/2022/QH15 | B2: AMENDS | C2: 59/2020/QH14 | D2: xác minh (danh mục / văn bản gốc) | E2: Có | F2: Danh mục của thầy: sửa đổi nhiều luật trong đó có Luật Doanh nghiệp
A3: 09/2026/QH16 | B3: AMENDS | C3: 48/2024/QH15 | D3: xác minh (danh mục / văn bản gốc) | E3: Có | F3: Danh mục + tên văn bản: sửa đổi Luật Thuế GTGT
A4: 09/2026/QH16 | B4: AMENDS | C4: 109/2025/QH15 | D4: xác minh (danh mục / văn bản gốc) | E4: Có | F4: Tên văn bản: sửa đổi Luật Thuế TNCN
A5: 09/2026/QH16 | B5: AMENDS | C5: 67/2025/QH15 | D5: xác minh (danh mục / văn bản gốc) | E5: Có | F5: Tên văn bản: sửa đổi Luật Thuế TNDN
A6: 101/2025/TT-BNNMT | B6: GUIDES | C6: 181/2025/NĐ-CP | D6: xác minh (danh mục / văn bản gốc) + tự động khớp | E6: Có | F6: Tên văn bản
A7: 108/2025/QH15 | B7: REPLACES | C7: 38/2019/QH14 | D7: xác minh (danh mục / văn bản gốc) + tự động khớp | E7: Có | F7: Luật Quản lý thuế mới thay Luật QLT 2019 (Điều hiệu lực)
A8: 11/2025/TT-BNV | B8: GUIDES | C8: 41/2024/QH15 | D8: xác minh (danh mục / văn bản gốc) | E8: Có | F8: Tên văn bản: chi tiết Luật Bảo hiểm xã hội
A9: 12/2025/TT-BNV | B9: GUIDES | C9: 41/2024/QH15 | D9: xác minh (danh mục / văn bản gốc) | E9: Có | F9: Tên văn bản: chi tiết Luật Bảo hiểm xã hội
A10: 141/2026/NĐ-CP | B10: AMENDS | C10: 320/2025/NĐ-CP | D10: xác minh (danh mục / văn bản gốc) + tự động khớp | E10: Có | F10: Danh mục của thầy
A11: 141/2026/NĐ-CP | B11: AMENDS | C11: 68/2026/NĐ-CP | D11: xác minh (danh mục / văn bản gốc) + tự động khớp | E11: Có | F11: Danh mục của thầy
A12: 144/2026/NĐ-CP | B12: AMENDS | C12: 181/2025/NĐ-CP | D12: xác minh (danh mục / văn bản gốc) + tự động khớp | E12: Có | F12: Danh mục của Long + tên văn bản
... A189: 91/2026/TT-BTC | B189: REFERENCES | C189: 125/2020/NĐ-CP | D189: tự động (regex) | E189: Chưa | F189: được nhắc 1 lần

Sheet So sanh chunking
A1: Chỉ số | B1: A. Legal-structure (đề xuất) | C1: B. Fixed-token (512/50)
A2: Số chunk (toàn bộ) | B2: 9833 | C2: 4524
A3: trong đó: chunk phần thân (Điều/Khoản/Điểm) | B3: 7816 | C3: 3004
A4: trong đó: chunk mở đầu + phụ lục/bảng biểu | B4: 2017 | C4: 1520
A5: Tổng token (kể cả header / overlap) | B5: 2576979 | C5: 2301033
A6: Token TB / chunk | B6: 262 | C6: 509
A7: Trung vị (P50) | B7: 223 | C7: 512
A8: P95 | B8: 503 | C8: 512
A9: Lớn nhất | B9: 512 | C9: 512
A10: Nhỏ nhất | B10: 22 | C10: 52
A11: % chunk > 512 token | B11: 0 | C11: 0
A12: % chunk phần thân bị cắt ngang giữa chừng (không bắt đầu ở ranh giới Điều/Khoản/Điểm) | B12: 0.1006 | C12: 0.9657
A13: % chunk phần thân chứa nội dung của nhiều hơn 1 Điều | B13: 0 | C13: 0.5556
A14: % chunk phần thân gắn được với đúng 1 Điều (trích dẫn chính xác) | B14: 1 | C14: 0.4444
A16: Số chunk phương án A theo loại | B16: Số chunk | C16: Giải thích
A17: clause | B17: 3772 | C17: Điều dài, cắt theo Khoản (quy tắc 2)
A18: point | B18: 1553 | C18: Khoản dài, cắt theo Điểm (quy tắc 3)
A19: article | B19: 1521 | C19: Cả Điều vừa 1 chunk (quy tắc 1)
A20: appendix_split | B20: 976 | C20: Phụ lục, biểu mẫu – quá dài, cắt nhỏ thêm (quy tắc 4)
A21: table_split | B21: 668 | C21: Phụ lục có bảng biểu – quá dài, cắt nhỏ thêm (quy tắc 4)
A22: point_split | B22: 613 | C22: Khoản dài, cắt theo Điểm (quy tắc 3) – quá dài, cắt nhỏ thêm (quy tắc 4)
A23: appendix | B23: 273 | C23: Phụ lục, biểu mẫu
A24: article_intro | B24: 148 | C24: Câu dẫn của Điều dài
A25: clause_split | B25: 138 | C25: Điều dài, cắt theo Khoản (quy tắc 2) – quá dài, cắt nhỏ thêm (quy tắc 4)
A26: preamble | B26: 61 | C26: Phần mở đầu / căn cứ ban hành
A27: clause_intro | B27: 36 | C27: Câu dẫn dài của Khoản
A28: table | B28: 31 | C28: Phụ lục có bảng biểu
... A32: article_split | B32: 2 | C32: Cả Điều vừa 1 chunk (quy tắc 1) – quá dài, cắt nhỏ thêm (quy tắc 4)
A34: Token đếm bằng: sentencepiece (cùng bộ từ vựng bge-m3). Token của phương án A tính cả context_header.

Sheet De xuat chunking
A1: Hạng mục | B1: Nội dung đề xuất
A2: Ngưỡng token | B2: 512 token / chunk (tính cả header ngữ cảnh), đếm bằng tokenizer của bge-m3
A3: Quy tắc 1 | B3: Điều ≤ ngưỡng → 1 Điều = 1 chunk
A4: Quy tắc 2 | B4: Điều > ngưỡng → cắt theo Khoản (câu dẫn của Điều thành chunk article_intro)
A5: Quy tắc 3 | B5: Khoản > ngưỡng → cắt theo Điểm; câu dẫn của Khoản ≤ 120 token được chép kèm vào từng Điểm
A6: Quy tắc 4 | B6: Điểm vẫn > ngưỡng → cắt theo câu/dòng, chunk_type thêm hậu tố _split, chunk_id thêm _partN
A7: Quy tắc 5 | B7: Phần mở đầu, Phụ lục, biểu mẫu, bảng → chunk riêng: preamble / appendix / table
A8: Header ngữ cảnh | B8: Mỗi chunk có context_header, ví dụ: [Nghị định 254/2026/NĐ-CP > Chương II > Điều 9. Thời điểm lập hóa đơn > Khoản 2]. Văn bản đem embedding = context_header + nội dung
A9: Mã định danh | B9: chunk_id = unit_id theo WP1: <document_id>_D<điều>_K<khoản>_P<điểm>, ví dụ ND254_2026_D9_K2_Pa
A10: Metadata thời gian | B10: Mỗi chunk mang effective_from / effective_to / status để WP4 lọc theo ngày hiệu lực
A11: Độ tin cậy | B11: is_confident = false khi văn bản OCR có nhiều ký tự lạ hoặc số Điều bị nhảy → cần người kiểm duyệt
A12: Phương án so sánh | B12: Fixed-token: cắt cứng 512 token, overlap 50 token (xem sheet So sanh chunking)
... A15: Ví dụ 1 chunk (phương án A) | B15: { "chunk_id": "ND254_2026_D1_K1", "strategy": "legal_structure", "chunk_type": "clause", "document_id": "ND254_2026", "document_no": "254/2026/NĐ-CP", "document_type": "Nghị định", "chapter": "I", "section": null, "article": 1, "clause": 1, "point": null, "unit_ids": [ "ND254_2026_D1_K1", "ND254_2026_D1_K1_Pa", "ND254_2026_D1_K1_Pb" ], "parent_id": "ND254_2026_D1", "context_header": "[Nghị định 254/2026/NĐ-CP > Chương I QUY ĐỊNH CHUƯNG > Điều 1. Phạm vi điều chỉnh > Khoản 1]", "content": "1. Quy định chỉ tiết khoản 6 Điều 26, khoản 4 Điều 27 Luật Quản lý thuế sô 108/2025/QH15 bao gôm:\na) Loại hóa đơn điện tử; đối tượng sử dụng; nội dung, thời điểm lập hóa đơn điện tử; trường hợp không phải sử dụng hóa đơn điện tử; trường hợp sử dụng hóa đơn điện tử được miễn phí dịch vụ; nhiệm vụ, quyền hạn, trách nhiệm của tổ chức, cá nhân trong việc quản lý, sử dụng hóa đơn điện tử;\nb) Loại chứng từ điện tử; nội dung, thời điểm lập chứng từ điện tử; phương thức lập chứng từ điện tử, văn bản hành chính thuế điện tử; kết nối, truyền dữ liệu chứng từ điện tử; trường hợp sử dụng được miễn phí dịch vụ; nhiệm vụ, quyền hạn, trách nhiệm của tổ chức, cá nhân trong việc quản lý, sử dụng chứng từ điện tử.", "token_count": 223, "page": 1, "page_end": 1, "has_table": false, "effective_from": "2026-07-01", "effective_to": null, "status": "active", "is_confident": true, "document_title": "Nghị định quy định chi tiết một số điều và biện pháp để tổ chức, hướng dẫn thi hành Luật Quản lý thuế số 108/2025/QH15 về hóa đơn điện tử, chứng từ điện tử", "issuer": "Chính phủ", "issued_date": "2026-06-30", "amended_by": [], "replaced_by": [], "source_file": "raw/II. Hoa don dien tu/ND254_2026.pdf", "source_url": "https://datafiles.chinhphu.vn/cpp/files/vbpq/2026/7/254-ndcp.signed.pdf", "extraction_method": "OCR" }

Sheet Doi chieu tong hop
A1: Hạng mục kiểm tra | B1: Kết quả | C1: Giải thích
A2: so_van_ban | B2: 65
A3: van_ban_dung_schema | B3: 65 | C3: Số văn bản có file JSON đúng JSON Schema WP1 (src/schema.py)
A4: tong_dieu_nhan_dien | B4: 2335 | C4: Tổng số Điều tách được
A5: tong_dieu_theo_so_lon_nhat | B5: 2355 | C5: Tổng số Điều theo số Điều lớn nhất của từng văn bản (ước lượng số Điều thật)
A6: van_ban_so_dieu_tang_dan | B6: 65 | C6: Số văn bản có số Điều tăng dần đúng thứ tự
A7: van_ban_co_so_hieu_o_trang_dau | B7: 57 | C7: Số văn bản tìm thấy đúng số hiệu ở 2 trang đầu bản gốc
A8: do_phu_trung_binh | B8: 0.9662 | C8: % chữ của văn bản gốc nằm trong các unit (phần nơi nhận/chữ ký bị loại có chủ đích)
A9: so_chunk | B9: 9833
A10: chunk_sai_schema | B10: 0 | C10: Số chunk legal-structure sai schema
A11: chunk_fixed_sai_schema | B11: 0 | C11: Số chunk fixed-token sai schema
A12: chunk_id_trung | B12: 0 | C12: Số chunk_id bị trùng
A13: chunk_khop_nguyen_van_100 | B13: 9828
A14: ty_le_chunk_khop_nguyen_van_100 | B14: 0.9995 | C14: % chunk mà MỌI dòng nội dung đều có nguyên văn trong văn bản gốc
A15: ty_le_dong_khop_trung_binh | B15: 0.9999 | C15: % dòng nội dung chunk có nguyên văn trong văn bản gốc (trung bình)
A16: ty_le_chunk_dung_trang | B16: 0.9962 | C16: % chunk có đoạn đầu nằm đúng trang ghi trong metadata (±1 trang)
A17: ty_le_chunk_tieu_de_dieu_co_trong_goc | B17: 0.9998 | C17: % chunk mà số Điều của nó có trong văn bản gốc
A18: ty_le_chunk_do_tin_cay_cao | B18: 0.9834 | C18: % chunk is_confident = true
A19: ocr_cer_trung_vi_trang | B19: 0.0215 | C19: Tỷ lệ lỗi ký tự OCR (trung vị theo trang) – đo trên PDF có text: OCR lại rồi so với text thật
A20: ocr_wer_trung_vi_trang | B20: 0.0471 | C20: Tỷ lệ lỗi từ OCR (trung vị theo trang)
A21: ocr_cer_tong | B21: 0.0693 | C21: Tỷ lệ lỗi ký tự OCR trên toàn bộ trang mẫu (trang có bảng biểu làm tăng lỗi)
A22: ocr_so_trang_do_cer | B22: 49
A23: ocr_do_tin_cay_trung_binh | B23: 88.5 | C23: Độ tin cậy trung bình Tesseract trên các văn bản scan (0–100)
A24: mau_kiem_tra_tay | B24: 30
A25: mau_da_kiem_tra | B25: 30 | C25: Số chunk mẫu đã mở PDF gốc kiểm tra bằng mắt
A26: mau_dung_cau_truc | B26: 28 | C26: Số chunk mẫu đúng Điều/Khoản/Điểm, đúng trang
A27: mau_dung_noi_dung | B27: 30 | C27: Số chunk mẫu đúng nội dung (sai chính tả OCR nhỏ không làm sai nghĩa vẫn tính Đúng)

Sheet Doi chieu van ban
A1: Document ID | B1: Đúng schema | C1: Số Điều tách được | D1: Số Điều lớn nhất | E1: Điều bị thiếu | F1: Điều tăng dần | G1: Khoản sai thứ tự | H1: Số hiệu có ở trang đầu | I1: Độ phủ nội dung | J1: Số unit | K1: Unit độ tin cậy thấp | L1: Cảnh báo
A2: L03_2022_QH15 | B2: Có | C2: 11 | D2: 11 | F2: Có | G2: 0 | H2: Có | I2: 0.995 | J2: 47 | K2: 0
A3: L09_2026_QH16 | B3: Có | C3: 5 | D3: 5 | F3: Có | G3: 0 | H3: Có | I3: 1 | J3: 8 | K3: 0
A4: L108_2025_QH15 | B4: Có | C4: 52 | D4: 53 | E4: 50 | F4: Có | G4: 0 | H4: Có | I4: 0.9786 | J4: 585 | K4: 4
A5: L109_2025_QH15 | B5: Có | C5: 29 | D5: 29 | F5: Có | G5: 0 | H5: Có | I5: 0.9712 | J5: 195 | K5: 0
A6: L149_2025_QH15 | B6: Có | C6: 2 | D6: 2 | F6: Có | G6: 0 | H6: Có | I6: 1 | J6: 8 | K6: 1
A7: L41_2024_QH15 | B7: Có | C7: 141 | D7: 141 | F7: Có | G7: 0 | H7: Có | I7: 0.9737 | J7: 1044 | K7: 0
A8: L45_2019_QH14 | B8: Có | C8: 215 | D8: 220 | E8: 9, 42, 147, 172, 183 | F8: Có | G8: 0 | H8: Có | I8: 0.9742 | J8: 1000 | K8: 17
A9: L48_2024_QH15 | B9: Có | C9: 18 | D9: 18 | F9: Có | G9: 0 | H9: Có | I9: 0.9816 | J9: 184 | K9: 0
A10: L50_2024_QH15 | B10: Có | C10: 37 | D10: 37 | F10: Có | G10: 0 | H10: Có | I10: 0.9719 | J10: 279 | K10: 0
A11: L59_2020_QH14 | B11: Có | C11: 216 | D11: 218 | E11: 72, 83 | F11: Có | G11: 0 | H11: Có | I11: 0.9807 | J11: 1624 | K11: 36
A12: L67_2025_QH15 | B12: Có | C12: 20 | D12: 20 | F12: Có | G12: 0 | H12: Có | I12: 0.9846 | J12: 182 | K12: 4
A13: L74_2025_QH15 | B13: Có | C13: 54 | D13: 55 | E13: 53 | F13: Có | G13: 0 | H13: Có | I13: 0.9685 | J13: 368 | K13: 3
A14: L76_2025_QH15 | B14: Có | C14: 3 | D14: 3 | F14: Có | G14: 0 | H14: Có | I14: 0.9875 | J14: 52 | K14: 1
A15: L84_2015_QH13 | B15: Có | C15: 93 | D15: 93 | F15: Có | G15: 0 | H15: Có | I15: 0.9798 | J15: 612 | K15: 7
A16: ND125_2020 | B16: Có | C16: 46 | D16: 47 | E16: 29 | F16: Có | G16: 0 | H16: Không (OCR méo số hiệu) | I16: 0.9715 | J16: 446 | K16: 1
A17: ND141_2026 | B17: Có | C17: 5 | D17: 5 | F17: Có | G17: 0 | H17: Có | I17: 0.998 | J17: 15 | K17: 0
A18: ND144_2026 | B18: Có | C18: 6 | D18: 6 | F18: Có | G18: 0 | H18: Có | I18: 0.9617 | J18: 16 | K18: 0
A19: ND145_2020 | B19: Có | C19: 115 | D19: 115 | F19: Có | G19: 0 | H19: Không (OCR méo số hiệu) | I19: 0.9765 | J19: 863 | K19: 6
A20: ND158_2025 | B20: Có | C20: 43 | D20: 45 | E20: 25, 41 | F20: Có | G20: 0 | H20: Có | I20: 0.9808 | J20: 324 | K20: 2
A21: ND159_2025 | B21: Có | C21: 18 | D21: 18 | F21: Có | G21: 0 | H21: Có | I21: 0.9679 | J21: 118 | K21: 1
A22: ND168_2025 | B22: Có | C22: 120 | D22: 123 | E22: 31, 51, 64 | F22: Có | G22: 0 | H22: Có | I22: 0.9847 | J22: 899 | K22: 10
A23: ND174_2025 | B23: Có | C23: 2 | D23: 2 | F23: Có | G23: 0 | H23: Có | I23: 0.9885 | J23: 24 | K23: 0
A24: ND176_2025 | B24: Có | C24: 8 | D24: 8 | F24: Có | G24: 0 | H24: Có | I24: 0.8755 | J24: 39 | K24: 0
A25: ND181_2025 | B25: Có | C25: 40 | D25: 40 | F25: Có | G25: 0 | H25: Có | I25: 0.9824 | J25: 297 | K25: 2
A26: ND20_2026 | B26: Có | C26: 17 | D26: 17 | F26: Có | G26: 0 | H26: Có | I26: 0.9435 | J26: 131 | K26: 2
A27: ND219_2025 | B27: Có | C27: 35 | D27: 36 | E27: 21 | F27: Có | G27: 0 | H27: Có | I27: 0.9639 | J27: 229 | K27: 4
A28: ND245_2026 | B28: Có | C28: 5 | D28: 5 | F28: Có | G28: 0 | H28: Có | I28: 0.9875 | J28: 33 | K28: 0
A29: ND252_2026 | B29: Có | C29: 76 | D29: 76 | F29: Có | G29: 0 | H29: Có | I29: 0.9829 | J29: 953 | K29: 7
A30: ND253_2026 | B30: Có | C30: 70 | D30: 71 | E30: 29 | F30: Có | G30: 0 | H30: Có | I30: 0.9738 | J30: 432 | K30: 1
A31: ND254_2026 | B31: Có | C31: 45 | D31: 45 | F31: Có | G31: 0 | H31: Có | I31: 0.9702 | J31: 381 | K31: 2
A32: ND255_2026 | B32: Có | C32: 23 | D32: 24 | E32: 14 | F32: Có | G32: 0 | H32: Có | I32: 0.988 | J32: 211 | K32: 4
A33: ND274_2025 | B33: Có | C33: 16 | D33: 16 | F33: Có | G33: 0 | H33: Có | I33: 0.9593 | J33: 92 | K33: 0
A34: ND291_2026 | B34: Có | C34: 4 | D34: 4 | F34: Có | G34: 0 | H34: Có | I34: 0.8451 | J34: 13 | K34: 0
A35: ND293_2025 | B35: Có | C35: 5 | D35: 5 | F35: Có | G35: 0 | H35: Có | I35: 0.9738 | J35: 29 | K35: 1
A36: ND296_2026 | B36: Có | C36: 22 | D36: 22 | F36: Có | G36: 0 | H36: Có | I36: 0.9924 | J36: 82 | K36: 1
A37: ND310_2025 | B37: Có | C37: 4 | D37: 4 | F37: Có | G37: 0 | H37: Có | I37: 0.9756 | J37: 54 | K37: 2
A38: ND320_2025 | B38: Có | C38: 26 | D38: 26 | F38: Có | G38: 0 | H38: Có | I38: 0.9883 | J38: 375 | K38: 2
A39: ND337_2025 | B39: Có | C39: 30 | D39: 30 | F39: Có | G39: 0 | H39: Có | I39: 0.9597 | J39: 168 | K39: 4
A40: ND338_2025 | B40: Có | C40: 36 | D40: 36 | F40: Có | G40: 0 | H40: Có | I40: 0.971 | J40: 226 | K40: 3
A41: ND352_2025 | B41: Có | C41: 28 | D41: 29 | E41: 27 | F41: Có | G41: 0 | H41: Không (OCR méo số hiệu) | I41: 0.9801 | J41: 227 | K41: 2
A42: ND359_2025 | B42: Có | C42: 2 | D42: 2 | F42: Có | G42: 0 | H42: Có | I42: 0.8479 | J42: 8 | K42: 0
A43: ND374_2025 | B43: Có | C43: 46 | D43: 46 | F43: Có | G43: 0 | H43: Có | I43: 0.9778 | J43: 342 | K43: 3
A44: ND39_2016 | B44: Có | C44: 47 | D44: 48 | E44: 7 | F44: Có | G44: 0 | H44: Có | I44: 0.982 | J44: 455 | K44: 6
A45: ND68_2026 | B45: Có | C45: 19 | D45: 19 | F45: Có | G45: 0 | H45: Có | I45: 0.9733 | J45: 142 | K45: 0
A46: ND88_2020 | B46: Có | C46: 47 | D46: 47 | F46: Có | G46: 0 | H46: Không (OCR méo số hiệu) | I46: 0.974 | J46: 287 | K46: 3
A47: TT101_2025_BNNMT | B47: Có | C47: 4 | D47: 4 | F47: Có | G47: 0 | H47: Không (OCR méo số hiệu) | I47: 0.9007 | J47: 13 | K47: 0
A48: TT11_2025_BNV | B48: Có | C48: 7 | D48: 7 | F48: Có | G48: 0 | H48: Không (OCR méo số hiệu) | I48: 0.888 | J48: 27 | K48: 0
A49: TT12_2025_BNV | B49: Có | C49: 21 | D49: 21 | F49: Có | G49: 0 | H49: Không (OCR méo số hiệu) | I49: 0.9691 | J49: 135 | K49: 0
A50: TT133_2016_BTC | B50: Có | C50: 93 | D50: 93 | F50: Có | G50: 0 | H50: Có | I50: 0.9924 | J50: 677 | K50: 0
A51: TT152_2025_BTC | B51: Có | C51: 8 | D51: 8 | F51: Có | G51: 0 | H51: Có | I51: 0.9309 | J51: 39 | K51: 0
A52: TT18_2026_BTC | B52: Có | C52: 9 | D52: 9 | F52: Có | G52: 0 | H52: Có | I52: 0.982 | J52: 57 | K52: 0
A53: TT20_2026_BTC | B53: Có | C53: 10 | D53: 10 | F53: Có | G53: 0 | H53: Có | I53: 0.9734 | J53: 133 | K53: 3
A54: TT25_2025_BYT | B54: Có | C54: 31 | D54: 31 | F54: Có | G54: 0 | H54: Không (OCR méo số hiệu) | I54: 0.9832 | J54: 204 | K54: 0
A55: TT50_2026_BTC | B55: Có | C55: 4 | D55: 4 | F55: Có | G55: 0 | H55: Có | I55: 0.9609 | J55: 14 | K55: 0
A56: TT58_2026_BTC | B56: Có | C56: 10 | D56: 10 | F56: Có | G56: 0 | H56: Có | I56: 0.9627 | J56: 55 | K56: 0
... A66: TT99_2025_BTC | B66: Có | C66: 31 | D66: 31 | F66: Có | G66: 0 | H66: Có | I66: 0.9927 | J66: 180 | K66: 0

Sheet Mau kiem tra tay
A1: STT | B1: Chunk ID | C1: File gốc | D1: Trang | E1: Vị trí (header) | F1: Nội dung chunk (300 ký tự đầu) | G1: Khớp nguyên văn (tự động) | H1: Kiểm tra cấu trúc | I1: Kiểm tra nội dung | J1: Người kiểm tra | K1: Ghi chú
A2: 1 | B2: L45_2019_QH14_D203 | C2: raw/X. Lao dong - Tien luong/L45_2019_QH14.pdf | D2: 75 | E2: [Bộ luật 45/2019/QH14 > Chương XI GIẢI QUYẾT TRANH CHẮP LAO ĐỘNG > Mục 5 > Điều 203. Quyền của các bên trước và trong quá trình đình công] | F2: 1. Eếp\tục thỏa thuận để giải quyết nội dung tranh chấp lao động tập thể hoặc cùng đê nghị hòa giải viên lao động, Hội đồng trọng tài lao động tiên hành hòa giải, giải quyết tranh châp lao động. 2. Tổ chức đại diện người lao động có quyền Ổ chức và lãnh đạo đình công theo quy định tại Điều 198 của B | G2: 1 | H2: Đúng | I2: Đúng | J2: Claude (xem ảnh trang gốc) | K2: Đúng Điều 203, trang 75-76. Lỗi OCR nhỏ: "Eếp\tục" = "Tiếp tục"
A3: 2 | B3: ND145_2020_D108 | C3: raw/X. Lao dong - Tien luong/ND145_2020.pdf | D3: 83 | E3: [Nghị định 145/2020/NĐ-CP > Chương XI GIẢI QUYẾT TRANH CHÁP LAO ĐỘNG > Mục 3 > Điều 108. Giái quyết tranh chấp liên quan đến quyen thương lượng tập thể tại nơi sử dụng lao động không được đình công] | F3: Tranh chấp giữa các bên liên quan đến quyền thương lượng tập thể tại nơi sử dụng lao động không được đình công được thực hiện theo quy định của Chính phủ về giải quyết tranh chấp giữa các bên liên quan đến quyên thương lượng tập thể theo quy định tại khoản 4 Điều 68 của Bộ luật Lao động. : Ñ HOAN, N | G3: 1 | H3: Đúng | I3: Đúng | J3: Claude (xem ảnh trang gốc) | K3: Đúng Điều 108 trang 83
A4: 3 | B4: ND253_2026_D3 | C4: raw/IV. Thue thu nhap ca nhan/ND253_2026.pdf | D4: 2 | E4: [Nghị định 253/2026/NĐ-CP > Chương I NHỮNG QUY ĐỊNH CHUNG > Điều 3. Người nộp thuế] | F4: 1 Người nộp thuế thu nhập cá nhân là cá nhân cư trú có thu nhập chịu thuế quy định tại Điều 3 của Luật Thuế thu nhập cá nhân phát sinh trong và ngoài lãnh thô Việt Nam và cá nhân không cư trú có thu nhập chịu thuế quy định tại Điều 3 của Luật Thuế thu nhập cá nhân phát sinh trong lãnh thổ Việt Nam. | G4: 1 | H4: Sai một phần | I4: Đúng | J4: Claude (xem ảnh trang gốc) | K4: Đúng Điều 3 trang 2 nhưng Khoản 1, 2 chưa tách riêng (OCR mất dấu chấm sau số "1")
A5: 4 | B5: ND253_2026_D38_K2 | C5: raw/IV. Thue thu nhap ca nhan/ND253_2026.pdf | D5: 24 | E5: [Nghị định 253/2026/NĐ-CP > Chương III THU NHẬP ĐƯỢC MIỄN THUÊ, GIẢM THUẾÊ > Mục 1 > Điều 38. Thu nhập từ tiền lương, tiền công của chuyen ga nước ngoài làm việc tại chương trình, dự án tài trợ Mmg nguc›n vốn OĐA không hoàn lại, chương trình, dự án phi chính phú nước ngoài tại V1cat > Khoản 2] | F5: 2. Miễn thuế thu nhập cá nhân đối với thu nhập từ tiền lương, tiền công của chuyên ga nước ngoài làm việc tại ủương trình, dự án, phi dự án tiếp nhận nguôn vôn viện trợ khong thuộc hỗ trợ ủat triển chính thức, viện trợ quốc tế khan cấp để cứu trợ và khắc phục hậu quả thiên tai (bao gồm viện trợ từ c | G5: 1 | H5: Đúng | I5: Đúng | J5: Claude (xem ảnh trang gốc) | K5: Khoản 2 Điều 38 nằm đầu trang 24
A6: 5 | B6: ND39_2016_D10_K2 | C6: raw/X. Lao dong - Tien luong/ND39_2016.pdf | D6: 6 | E6: [Nghị định 39/2016/NĐ-CP > Chương III > Điều 10. Thời gian, nội dung khai báo tai nạn lao động > Khoản 2] | F6: 2. Khi biết tỉn xây ra tai nạn lao động chết người hoặc làm bị thương nặng từ 02 người lao động trở lên trong các lĩnh vực phóng xạ, thăm dò, khai thác dầu khí, các phLxơ11g tiện vận tải đường sắt, đường thủy, đường bộ, đường hàng không và các đơn vị thuộc lực lượng vũ trang nhân dân theo quy định t | G6: 1 | H6: Đúng | I6: Đúng | J6: Claude (xem ảnh trang gốc) | K6: Đúng Khoản 2 Điều 10 trang 6
A7: 6 | B7: TT91_2026_BTC_D4_K3 | C7: raw/II. Hoa don dien tu/TT91_2026_BTC.pdf | D7: 4 | E7: [Thông tư 91/2026/TT-BTC > Chương II QUY ĐỊNH ĐÓI VỚI HÓA ĐƠN ĐIỆN TỬ > Điều 4. Ký hiệu mẫnu, ký hiệu và mẫu hóa đơn điện tử tham khảo > Khoản 3] | F7: 3. Tên, địa chỉ, mã số thuế của bên nhận ủy nhiệm đối với hóa đơn điện tử ủy nhiệm. | G7: 1 | H7: Đúng | I7: Đúng | J7: Claude (xem ảnh trang gốc) | K7: Đúng Khoản 3 Điều 4 trang 4
A8: 7 | B8: L45_2019_QH14_D103 | C8: raw/X. Lao dong - Tien luong/L45_2019_QH14.pdf | D8: 39 | E8: [Bộ luật 45/2019/QH14 > Chương VI TIỀN LƯƠNG . > Điều 103. Chế độ nâng lương, mmg bậc, m… cấp, trợ cấp '] | F8: Chế độ nâng lương, nâng bậc, phụ cấp, trợ cấp và các chế độ khuyến khích đối với người lao động được thỏa thuận trong hợp đồng lao động, thỏa ước lao động tập thể hoặc quy định của người sử dụng lao động. | G8: 1 | H8: Đúng | I8: Đúng | J8: Claude (xem ảnh trang gốc) | K8: Nội dung đúng; tên Điều có lỗi OCR ("mmg bậc, m… cấp" = "nâng bậc, phụ cấp")
A9: 8 | B9: L74_2025_QH15_D22_K1 | C9: raw/X. Lao dong - Tien luong/L74_2025_QH15.pdf | D9: 10 | E9: [Luật 74/2025/QH15 > Chương V PHÁT TRIỄN KỸ NĂNG NGHÈ > Điều 22. Nội dung, hỗ trợ phát triển kỹ năng nghề > Khoản 1] | F9: 1. Việc phát triển kỹ năng nghề bao gồm các nội dung sau đây: a) Xây dựng, quản lý, thực hiện khung trình độ kỹ năng nghề quốc gia; b) Xây dựng, công bố tiêu chuẩn kỹ năng nghề quốc gia theo khung trình độ kỹ năng nghe quốc gia đáp ứng yêu câu của thị ưương lao động và cập nhật với tiêu chuẩn, trình | G9: 1 | H9: Đúng | I9: Đúng | J9: Claude (xem ảnh trang gốc) | K9: Đúng Chương V > Điều 22 > Khoản 1 trang 10
A10: 9 | B10: ND320_2025_D23_K2_Pa | C10: raw/V. Thue thu nhap doanh nghiep/ND320_2025.pdf | D10: 68 | E10: [Nghị định 320/2025/NĐ-CP > Chương II THU NHẬP TỪ CHUYỆỀN NHƯỢNG BẮT ĐỘNG SẲN > Điều 23. Điều kiện áp dụng ưu đãi thuế thu nhập doanh nghiệp > Khoản 2 > Điểm a] | F10: 2. Trong cùng một thời gan, nếu doanh nghiệp được hưởng nhiều mlJ'c ưu đãi thuế khác nhau đối với cùng một khoản thu nhập thì doanh ngh1ep được lựa chọn áp dụng mức ưu đãi thuế có lợi nhất: ` a) Trường hợp doanh nghiệp đang trong thời gian hưởng ưu đãi thuế thu nhập doanh nghiệp mà lựa chọn chuyển s | G10: 1 | H10: Đúng | I10: Đúng | J10: Claude (xem ảnh trang gốc) | K10: Đúng Điểm a Khoản 2 Điều 23 trang 68
A11: 10 | B11: ND374_2025_D2 | C11: raw/X. Lao dong - Tien luong/ND374_2025.pdf | D11: 1 | E11: [Nghị định 374/2025/NĐ-CP > Chương I NHỮNG QUY ĐỊNH CHUNG > Điều 2. Đối tượng áp dụng] | F11: 1. Người lao động, người sử dụng lao động thuộc gĩối tượng bắt buộc tham gia bảo hiêm thât nghiệp theo quy định tại Điều 31 Luật Việc làm. 2. Cơ quan bảo hiểm xã hội, Sở Nội vụ tỉnh, thành phố trực thuộc trung ương (sau đây viết tắt là Sở Nội vụ), tổ chức dịch vụ việc làm công do cơ quan quản lý nhà | G11: 1 | H11: Đúng | I11: Đúng | J11: Claude (xem ảnh trang gốc) | K11: Đúng Chương I > Điều 2 trang 1
A12: 11 | B12: ND255_2026_D19_K2_Pa_part2 | C12: raw/I. Quan ly thue/ND255_2026.pdf | D12: 26 | E12: [Nghị định 255/2026/NĐ-CP > Chương III XÁC ĐỊNH CHI PHÍ ĐẺ TÍNH THUÊ ĐÓI VỚI DOANH NGHIỆP CÓ GIAO DỊCH LIÊN KÉT; QUYỀN VÀ NGHĨA VỤ CỦA . . NGƯỜI NỘP THUÊ TRONG KẾ KHAI, LẬP HÒ SƠ XÁC ĐỊNH GIÁ GIAO DỊCH LIÊN KÉT; TRÁCH NHIỆM CỦA NGƯỜI NỘP THUẾ LIÊN QUAN ĐÉN BÁO CÁO LỢI NHUẬN LIÊN QUỐC GIA > Điều 19. Trách nhiệm của người nộp thuế liên quan đến Báo cáo lợi nhuận liên quốc gia > Khoản 2 > Điểm a] | F12: a.2.3) Quoc gia, vùng lãnh thổ nay không thuộc trường hợp không thực hiện trao đổi thông tin một cách hệ thống: a2. 4) Tổ ủưc thay mặt nộp báo cáo đã thong báo cho Nhà chức trách co thẩm quyen tại quốc gia, vùng lãnh thổ nơi tổ chức này là đối tượng cư trú về việc là tổ chức thay mặt nộp báo ơao the | G12: 1 | H12: Đúng | I12: Đúng | J12: Claude (xem ảnh trang gốc) | K12: Nội dung đúng; nhãn "a.2.4)" bị tách thành 2 dòng "a2." và "4)" khi cắt câu
A13: 12 | B13: ND181_2025_D30_K1_part1 | C13: raw/III. Thue GTGT/ND181_2025.pdf | D13: 42 | E13: [Nghị định 181/2025/NĐ-CP > Chương II KHẨU TRỦU, HOAN THU > Mục 3 > Điều 30. Hoàn thuế đối với đầu tư > Khoản 1] | F13: 1. Cơ sở kinh doanh đã đăng ký nộp thuế giá trị gia tăng theo phương pháp khầu trừ thuế có dự án đau tư (dự án đầu tư mới, dự án đau tư mở rộng) theo quy định của pháp luật về đầu tư (bao gồm cả dự án đầu tư được chia thành nhiều giai đoạn đầu tư hoặc nh1eu hạng mục đầu tư, trừ trường hợp dự án đầu | G13: 1 | H13: Đúng | I13: Đúng | J13: Claude (xem ảnh trang gốc) | K13: Đúng Khoản 1 Điều 30 trang 42-43
... A31: 30 | B31: ND141_2026_D4 | C31: raw/V. Thue thu nhap doanh nghiep/ND141_2026.pdf | D31: 3 | E31: [Nghị định 141/2026/NĐ-CP > Điều 4. Điều khoán chuyêễn tiếp] | F31: 1. Trường hợp hộ kinh doanh, cá nhân kinh doanh tự xác định mức doanh thu năm từ hoạt động sản xuất, kinh doanh hàng hóa, dịch vụ từ 01 tỷ đồng trở xuống mà đã kê khai nộp thuế thu nhập cá nhân, thuế giá trị gia tăng theo quy định tại Nghị định số 68/2026/NĐ-CP thì được xử lý tiền thuế đã nộp theo q | G31: 1 | H31: Đúng | I31: Đúng | J31: Claude (xem ảnh trang gốc) | K31: Đúng Điều 4 trang 3 (cả Điều vừa 1 chunk)

Sheet Chat luong OCR
A1: Document ID | B1: Trang | C1: Số ký tự | D1: Lỗi ký tự | E1: CER | F1: Số từ | G1: Lỗi từ | H1: WER
A2: L48_2024_QH15 | B2: 1 | C2: 1667 | D2: 67 | E2: 0.0402 | F2: 367 | G2: 14 | H2: 0.0381
A3: L48_2024_QH15 | B3: 5 | C3: 2509 | D3: 15 | E3: 0.006 | F3: 539 | G3: 15 | H3: 0.0278
A4: L48_2024_QH15 | B4: 9 | C4: 2481 | D4: 28 | E4: 0.0113 | F4: 538 | G4: 19 | H4: 0.0353
A5: L48_2024_QH15 | B5: 12 | C5: 2190 | D5: 14 | E5: 0.0064 | F5: 483 | G5: 10 | H5: 0.0207
A6: L48_2024_QH15 | B6: 16 | C6: 2826 | D6: 11 | E6: 0.0039 | F6: 637 | G6: 8 | H6: 0.0126
A7: TT101_2025_BNNMT | B7: 1 | C7: 2002 | D7: 61 | E7: 0.0305 | F7: 430 | G7: 41 | H7: 0.0953
A8: TT101_2025_BNNMT | B8: 2 | C8: 1682 | D8: 102 | E8: 0.0606 | F8: 368 | G8: 41 | H8: 0.1114
A9: TT101_2025_BNNMT | B9: 3 | C9: 1903 | D9: 102 | E9: 0.0536 | F9: 414 | G9: 54 | H9: 0.1304
A10: TT101_2025_BNNMT | B10: 4 | C10: 2232 | D10: 125 | E10: 0.056 | F10: 481 | G10: 67 | H10: 0.1393
A11: L03_2022_QH15 | B11: 1 | C11: 1704 | D11: 57 | E11: 0.0335 | F11: 339 | G11: 41 | H11: 0.1209
A12: L03_2022_QH15 | B12: 4 | C12: 1723 | D12: 39 | E12: 0.0226 | F12: 406 | G12: 21 | H12: 0.0517
A13: L03_2022_QH15 | B13: 7 | C13: 1718 | D13: 29 | E13: 0.0169 | F13: 395 | G13: 21 | H13: 0.0532
... A50: L50_2024_QH15 | B50: 25 | C50: 1067 | D50: 19 | E50: 0.0178 | F50: 235 | G50: 9 | H50: 0.0383
A52: CER tổng | C52: =SUM(C2:C50) -> 87215 | D52: =SUM(D2:D50) -> 6047 | E52: =D52/C52 -> 0.069334403 | F52: =SUM(F2:F50) -> 18713 | G52: =SUM(G2:G50) -> 1472 | H52: =G52/F52 -> 0.078661893
A53: Cách đo: các văn bản PDF CÓ TEXT được chụp thành ảnh 200 dpi rồi OCR lại; so với text thật trong PDF để biết OCR sai bao nhiêu (CER = lỗi ký tự / tổng ký tự, WER = lỗi từ / tổng từ).
